,,Date,avg CH4 (ppm),Avg AT,avg H2S (ppb),avg RH (%),avg SO2 (ppb),avg WD (deg),avg WD_STD (deg),avg WS (km/h),avg WS_STD (km/h),avg BP_2 (mB),avg DEW_2 (C),avg PAR_16 (umol m-2 s-1),avg SR_29 (W/m2),avg GR (W/m2),avg VW20 (km/h),avg VW20_STD (km/h)
0,0,2019-12-02,2.3535,-4.8,0.5,83.05,0.425,287.55,15.45,9.25,2.25,961,-8.64,0.8445,0.60825,3.675,-0.425,0.825
1,1,2019-12-03,1.9735,1.475,0.5,69.625,4.65,277.75,19.525,13.525,3.8,957,-2.747,58.7925,43.03825,36.75,-0.6,1.75
2,3,2019-12-05,2.176,-9.6,0.475,83.9,1.225,295.85,20.2,8.75,2.775,973.75,-12.325,10.17175,5.598,1.325,-0.4,1.1
13,16,2019-12-18,2.119,-14.8,0.4,68.3,0.6,306.2,14.1,22.6,5.5,958,-14.87,0,0.062,0,-0.9,3.2
3,19,2019-12-21,2.28,-12.8,0.8,85.8,0.4,275,92.5,0.2,1.1,970,-15.08,0,0.097,0,-0.2,0.5
4,23,2019-12-25,2.264,-5.8,0.1,84.4,1.7,285,15.9,13.2,3.8,966,-9.13,0,0.105,0,-0.5,1.3
2,25,2019-12-27,2.3305,-3.875,0.525,79.05,1.65,290.9,22.075,7.675,2.65,961.5,-8.5095,17.28525,42.23675,55.55,-0.2,0.625
4,29,2019-12-31,2.9845,-1.15,0.625,83.9,0.85,298.375,42.425,5.8,2.65,950.75,-4.337,47.0125,72.79325,63.925,-0.325,0.575
4,33,2020-01-04,2.1675,-10.45,0.475,73.225,5.45,283.375,18,16.175,4.95,963,-14,0.99475,1.96025,0.025,-0.775,2
1,34,2020-01-05,2.781,-18,0.7,82.8,3,279.1,19.6,4.9,1.3,962,-20.88,0,0.084,0,-0.2,0.7
1,35,2020-01-06,2.0595,-19.99166667,0.216666667,67.93333333,0.133333333,289.9333333,16.725,11.55833333,3.216666667,975.3333333,-24.04416667,17.77725,45.5565,43.49166667,-0.441666667,1.383333333
12,47,2020-01-18,2.028,-25.7,0.5,70.4,0.3,297.4,47.2,5.5,1.7,998,-29.49,51.49,193.9,67,-0.3,0.5
13,60,2020-01-31,2.021666667,2.85,0.55,62.13333333,26.96666667,275.1166667,16.98333333,21.6,6.183333333,956.3333333,-3.156,73.03666667,91.274,114.7666667,-1.233333333,2.983333333
9,69,2020-02-09,2.058,-3.8,0.4,72.5,0.3,292.8,38,5.6,2.3,965,-7.192,80.4,165.9,78.3,-0.1,0.7
1,70,2020-02-10,2.067333333,-2.583333333,0.716666667,67.85,4.95,279.3333333,15.9,16.28333333,4.383333333,973,-8.888833333,25.95733333,59.69266667,33.56666667,-0.616666667,1.25
4,74,2020-02-14,2.146466667,-21.44,0.273333333,61.64666667,0.18,289.36,15.37333333,14.29333333,3.826666667,968.4666667,-26.57866667,32.81486667,83.49453333,90.18,-0.52,1.726666667
6,80,2020-02-20,2.047,4.4,0.2,43.4,7.4,276.4,17,15.7,5.1,964,-6.542,162.9,111.5,8.8,-1,1.9
2,82,2020-02-22,2.126666667,3,0.333333333,37.76666667,0.366666667,283.7,15.63333333,14.4,4.1,961,-10.59666667,150.6933333,92.66666667,33.9,-0.5,1.833333333
6,88,2020-02-28,2.056,5,0.5,56.65,16.4,280.7,18,15.7,5.15,961.5,-1.902,93.385,47.805,199.05,-0.7,2.4
3,91,2020-03-02,2.1875,-0.85,0.4,79.6,2.75,284.85,18.75,14.55,4.7,947.5,-4.489,4.6955,2.7865,23.6,-0.7,1.8
11,102,2020-03-13,1.988,-22.3,0.2,71.5,0,306.9,11.8,11.4,2,997,-24.58,0,0.082,2.7,-0.1,1.7
2,104,2020-03-15,2.328333333,-3.266666667,0.433333333,45.8,6.033333333,282.6666667,16.26666667,11.76666667,3.366666667,983,-14.56666667,275.77,166.5266667,109.3333333,-0.5,1.233333333
6,110,2020-03-21,2.1095,0.8125,0.425,59.4875,8.775,289.825,16.7,15.775,4.5125,972.375,-6.5485,193.26075,115.86375,82.75,-0.6,1.975
1,111,2020-03-22,2.118,-2.95,0.5,71.65,17.65,277.1,18.7,12.4,3.85,971,-7.3435,0.037,0.119,8.45,-0.6,1.25
4,115,2020-03-26,2.196,1.8,0.1,81.5,2.4,305.7,25.8,14.5,8.1,950,-0.088,97.7,56.27,7.3,-0.3,1.4
7,122,2020-04-02,2.326,-24.1,0.4,78,0.7,299.9,13.6,4.5,1.2,989,-32.29,2.36,1.21,25.7,-0.4,0.5
4,126,2020-04-06,2.111,-0.6,0.3,52.4,16,296.3,30,8,2.5,963,-9.39,615,328.3,423.5,-0.2,1.3
1,127,2020-04-07,2.151333333,-1.4,0.3,68.73333333,0.866666667,306.5666667,16.26666667,18.2,4.233333333,965.3333333,-7.816333333,187.4333333,125.6433333,163.8,-0.566666667,2.3
1,128,2020-04-08,1.958,-3.2,0.1,59.2,0.1,309,13,27,6,976,-9.53,5.022,2.357,31,-0.8,3.2
1,129,2020-04-09,2.2046,8.88,0.24,37.36,0.74,292.56,21.78,12.24,3.94,966.8,-5.5558,458.74,258.192,160.26,-0.46,1.44
2,131,2020-04-11,2.056,-7.15,0.2,62.9,0.25,287.25,15.5,14.55,3.75,983,-13.38,49.82,27.1095,141.3,-0.6,1.85
6,137,2020-04-17,2.909,6,0.5,63.2,0.5,287.6,100,1.7,2.7,960,-2.416,0,0.115,0,-0.3,0.9
1,138,2020-04-18,2.01275,4.85,0.175,48.90833333,1.458333333,290.7083333,38.96666667,8.883333333,3.825,971.4166667,-5.503333333,405.5625,214.4760833,234.4916667,-0.358333333,1.483333333
1,139,2020-04-19,2.702,4.45,0.3,52.65,0.5,287.25,14.7,13.75,3.15,962,-4.901,9.804,5.4125,25.1,-0.6,1.55
3,142,2020-04-22,2.004,13.7,0.1,42.9,7.6,284.8,26.9,10.5,4.2,963,1.701,811,425.8,411.2,-0.4,1.8
2,144,2020-04-24,1.931,12.7,0.3,47.9,0.2,307.9,78.4,3.6,4,973,2.148,1387,736.4,79.2,-0.2,1.7
2,146,2020-04-26,1.953,3.3,0.6,64.8,0.5,302.8,25.6,15.6,4.4,967,-2.961,731.9,383.6,531.8,-0.3,1.9
3,149,2020-04-29,1.967,18.1,0.3,21.1,0.6,299.6,20.9,16.7,5.1,967,-4.936,744.9,398.1,267,-0.6,2.3
1,150,2020-04-30,2.025,13.9,0.4,41.1,1.5,298.8,57.8,2.4,1.2,963,-0.754,77.1,39.06,22.6,0.6,1.4
1,151,2020-05-01,2.2192,6.44,0.34,74.54,0.42,294.66,15.96,12.64,3.14,967.2,4.6298,123.3092,61.323,69.56,-0.54,1.64
14,165,2020-05-15,1.901666667,13.76666667,0.333333333,18.46666667,1.1,293.7,29.4,13.26666667,4.633333333,973.3333333,-10.52,1165.666667,632.2,532.5333333,-0.5,2.033333333
1,166,2020-05-16,1.902,18.1,0.3,36.1,17,298.1,38,8.1,2.9,968,3.935,845,445.7,330.6,0.2,1.7
7,173,2020-05-23,1.91175,10.325,0.4,56.4,0.925,301.575,26.15,12.475,4.175,970.5,2.5175,845.85,451.625,444.2,-0.275,1.975
1,174,2020-05-24,2.309,14.4,0.8,76.4,0.8,282.4,37.6,6.1,2.5,968,9.01,6.155,3.464,0,-0.5,1.1
1,175,2020-05-25,2,19.4,0.3,45.5,5.2,294.5,40.4,9.1,5,965,5.664,327.1,171.4,83,-0.6,1.8
7,182,2020-06-01,1.982875,12.15,0.6,73.41875,2.0125,285.53125,18.85,17.625,5.7625,962.875,8.455625,269.6409375,136.815125,161.1125,-0.41875,2.45625
1,183,2020-06-02,2.2725,16.15,0.55,44.9,0.4,296.35,22.5,6.55,2.15,965,3.1015,20.878,11.3955,0.85,-0.2,0.25
1,184,2020-06-03,2.321833333,13.6,0.6,65.8,0.4,294.8333333,22.66666667,8.783333333,2.75,966.8333333,6.927666667,169.625,87.89333333,99.21666667,-0.35,1.316666667
5,189,2020-06-08,1.981,9.566666667,0.266666667,78.8,6.7,276.4333333,29.7,7.533333333,3.366666667,964.3333333,6.294,352.8333333,182.0333333,115.1666667,-0.3,1.533333333
1,190,2020-06-09,1.9795,13.58333333,0.333333333,65.78333333,8.6,290.5333333,47.3,6.133333333,2.65,968.5,6.572166667,581.2316667,307.1733333,279.7333333,-0.266666667,1.45
1,191,2020-06-10,2.2234,11.98,0.54,82.82,0.66,288.18,42.28,4.72,1.9,971.2,9.374,468.92,242.626,276.48,-0.26,1.18
13,204,2020-06-23,1.986333333,20.73333333,0.3,52.56666667,10.36666667,281.3,29.5,9.666666667,3.366666667,967.6666667,10.11,452.2,239.5333333,193.9666667,-0.133333333,1.533333333
4,208,2020-06-27,2.218666667,14.1,2.4,89.96666667,1.733333333,286.1,19.9,8.933333333,2.4,963.6666667,13.42666667,32.11666667,18.03,13.5,-0.266666667,1.266666667
7,215,2020-07-04,2.1105,19.45,0.45,58.925,1.525,284.2,23.325,6.175,1.875,970.5,10.65,184.10925,104.7535,37.025,-0.2,0.625
1,216,2020-07-05,1.96,18.4,0.4,70.7,0.4,285.5,45.8,6.4,3.1,971,11.25,654.5,338.7,272.6,-0.4,1.4
1,217,2020-07-06,2.241,15.83333333,0.6,72.53333333,13.36666667,285.8333333,32.86666667,5.333333333,2.033333333,972,10.38333333,256.4843333,212.252,290.2,-0.233333333,1.033333333
4,221,2020-07-10,1.943,17.8,0.2,68.8,34.3,277.1,20,13.5,4.5,970,11.81,119.9,59.99,23.5,-0.5,2.1
2,223,2020-07-12,2.117916667,14.81666667,0.341666667,88.65,5.375,283.5416667,21.55833333,10.98333333,3.608333333,962.4166667,12.95333333,151.8218333,77.0295,59.13333333,-0.3,1.816666667
1,224,2020-07-13,2.069571429,13.81428571,0.314285714,83.04285714,2.314285714,285.0428571,18.82857143,19.12857143,5.757142857,957,11.83857143,67.71571429,32.90514286,22.81428571,-0.385714286,2.814285714
1,225,2020-07-14,2.06,15.17142857,0.685714286,78.82857143,0.321428571,288.8071429,18.76428571,14.02142857,4.278571429,961.7857143,11.81357143,289.588,148.4464286,102.1142857,-0.364285714,2.364285714
1,226,2020-07-15,2.078875,15.6,0.625,75.3,0.2,295.8,17.8125,14.1875,3.95,963.75,11.36125,103.3955,51.600125,111.375,-0.45,2.225
1,227,2020-07-16,2.403,12.6,0.8,90.4,0.5,303.6,21.9,6,1.3,969,10.16,0.002,0.003,0,-0.4,1.3
3,230,2020-07-19,2.3275,19.45,0.35,69.4,1.05,302.95,20.7,6.95,1.8,973,11.785,303.95,153.215,43.1,-0.2,1.15
1,231,2020-07-20,2.105,21.4,0.3,58.7,25.25,291.7,72.75,2.3,1.6,974.5,12.05,938.95,484.25,510.95,0,1.2
3,234,2020-07-23,2.303,17.7,1.2,92.5,1.1,307.7,21.7,10.7,2.4,966,16.31,159.7,76.43,73.8,-0.3,1.7
1,235,2020-07-24,2.0048,18.6,0.34,74.02,4.4,281.66,26.46,8.8,3.02,964.6,13.894,467.3,243.54,152.4,-0.26,1.7
1,236,2020-07-25,2.073285714,17.24285714,0.428571429,76.81428571,1,284.5428571,41.6,5.414285714,2.428571429,968.1428571,11.76142857,408.5327143,214.1861429,212.1571429,-0.271428571,1.242857143
1,237,2020-07-26,1.9804,22.22,0.4,49.24,1.16,290.92,20.66,9.16,2.8,974,10.045,651.52,405.88,410.66,-0.2,1.58
3,240,2020-07-29,1.914,27.3,0.3,41.9,0.7,278.1,42.4,5.8,2,973,12.45,1284,659.5,533.6,-0.2,1.4
1,241,2020-07-30,2.2566,21.14,0.78,67.34,0.64,297.64,32.82,6.46,2.34,978.8,14.474,740.4574,392.963,400.26,-0.32,1.46
4,245,2020-08-03,1.988,22.5,0.3,72.9,0.1,280.85,38.85,10.35,4.9,968.5,17.375,267.1,134.6,156.85,-0.15,1.8
4,249,2020-08-07,2.114714286,19.01428571,0.364285714,82.32857143,2.592857143,291.1,25.75,11.71428571,3.857142857,960.2142857,16.32857143,198.9996429,100.8912143,102.7214286,-0.492857143,2.2
1,250,2020-08-08,2.079636364,17,0.3,71.41818182,6.736363636,282.9545455,30.9,9.481818182,3.645454545,963.1818182,12.12272727,283.7391818,150.4273636,152.4909091,-0.372727273,1.736363636
1,251,2020-08-09,2.059583333,16.575,0.475,64.275,0.716666667,283.9666667,18.4,19.79166667,5.908333333,963.1666667,10.14083333,218.151,114.4265,129.6916667,-0.666666667,2.95
1,252,2020-08-10,2.058428571,15.45714286,0.314285714,67.5,12.68571429,278.0857143,23.35714286,11.67142857,4.1,963.7142857,9.816,146.6674286,105.3,149.4,-0.385714286,1.742857143
3,255,2020-08-13,2.03,15.15,0.4,74.85,2,285.8,28.75,13.15,4.65,964.5,10.49,90.095,50.717,11.95,-0.4,2
1,256,2020-08-14,2.045111111,16.35555556,0.388888889,68.37777778,2.233333333,281.0888889,19.9,13.92222222,4.566666667,967.5555556,10.74,351.561,184.3054444,169.2555556,-0.355555556,2.033333333
1,257,2020-08-15,1.999,12.1,0.6,88.1,5.4,279.7,19.7,11.3,3.3,969,9.15,0.003,0.003,0,-0.2,1.5
7,264,2020-08-22,2.21,13.66666667,0.366666667,97.8,1.166666667,296.3,30.83333333,7.1,2.533333333,966,13.61,15.003,7.674,1.3,-0.233333333,1.1
2,266,2020-08-24,2.34,18.1,0.6,69.5,6.4,274.3,41.1,4.3,1.7,973,12.42,549,282,207.6,-0.1,1.2
3,269,2020-08-27,2.1385,15.4,0.375,80.4,1.375,289.925,38.725,7.6875,4.2,970,12.455,409.7795,216.46525,216.1,-0.2125,1.4125
1,270,2020-08-28,2.481333333,12.36666667,0.5,86.43333333,0.333333333,291.6333333,28.76666667,6.3,1.6,974.6666667,9.8,53.37033333,86.435,123.5,-0.266666667,1.033333333
1,271,2020-08-29,2.155,11.2,0.4,85.7,1.1,274.5,31.2,8.3,3.6,961,11.38,492.6,259.5,99.1,-0.3,1.5
1,272,2020-08-30,2.069125,7.2625,0.5375,83.5375,14.5125,285.1,18.4875,22.725,6.7375,958,5.51625,135.2415,70.621625,65.1875,-0.6125,3.2
1,273,2020-08-31,2.2275,6.375,0.4,82.05,0.875,285.175,17.925,10.55,2.75,966.75,3.0145,23.63225,21.4035,89.1,-0.425,1.275
1,274,2020-09-01,2.442,12.05,0.55,75.85,0.25,291.4,14.5,7.3,1.75,961,7.44,41.705,27.9165,1.75,-0.35,1.05
1,275,2020-09-02,2.5145,10.3,0.625,76.325,0.275,298.4,18.15,8.475,2.2,964,4.68975,3.14275,1.645,3.875,-0.225,0.975
1,276,2020-09-03,2.129,12.55,0.4,76.5,2.1,288.2,48.35,3.85,1.75,972,8.6825,471.5005,251.4595,215.3,0,1.1
2,278,2020-09-05,2.4535,11.3,0.6,85.6,1,300.3,37.15,5.6,2,974.5,8.722,176.3515,91.9675,94,-0.2,0.95
3,281,2020-09-08,2.049,13.5,0.5,62.3,10.1,278.5,25.7,8.1,2.8,976,5.871,591.9,315.1,382.3,-0.3,1.7
1,282,2020-09-09,2.179,13.3,0.7,73.4,7.8,293.2,35.9,6.5,2.9,975,9.62,493.6,314,345.1,-0.3,1.3
2,284,2020-09-11,2.152529412,12.37058824,0.452941176,73.88235294,0.364705882,291.3294118,23.08823529,15.93529412,5.052941176,970.3529412,8.511352941,277.4227059,153.5172941,148.2529412,-0.529411765,2.647058824
1,285,2020-09-12,2.0676,7.02,0.32,76.56,0.22,288.74,21.32,9.86,3,976.6,2.8824,165.3744,87.1482,144.84,-0.28,1.5
8,293,2020-09-20,2.421166667,15.91666667,0.3,77.55,0.6,289.85,22.58333333,8.616666667,2.733333333,963.1666667,11.12833333,208.2345,125.9025,190.5,-0.316666667,1.183333333
1,294,2020-09-21,1.994333333,14.16666667,0.433333333,63.73333333,0.566666667,298.4333333,33.7,10.03333333,3.633333333,344.981,6.828,114.6666667,60.14166667,135.2333333,-0.366666667,1.7
1,295,2020-09-22,2.475,7.6,0.5,87.3,0.2,292.1,14.8,8,1.8,974,5.932,0,0.016,0,-0.1,0.6
2,297,2020-09-24,2.293666667,12,0.4,95.77777778,1.488888889,285.1666667,16.81111111,12.65555556,3.577777778,948.6666667,11.44666667,32.53588889,15.401,11.7,-0.244444444,1.788888889
1,298,2020-09-25,1.998,11.8,0.45,86.9,34.3,276.05,18.45,17.65,5.3,951.5,10.34,0,0.036,0,-0.65,2.3
1,299,2020-09-26,2.055,13.4,0.5,79.3,27.5,308.7,81.9,1.8,1.3,959,9.13,355,185.2,306,-0.3,1.4
1,300,2020-09-27,2.119666667,10.73333333,0.3,76.66666667,0.2,308.7333333,27,7.366666667,2.366666667,976.3333333,7.025,195.0633333,108.0256667,73.76666667,-0.133333333,1.233333333
1,301,2020-09-28,2.066666667,17.53333333,0.4,43.87777778,4.788888889,283.4555556,18.56666667,16.21111111,4.888888889,966.4444444,5.394888889,422.2111111,254.5824444,183.6888889,-0.444444444,2.311111111
1,302,2020-09-29,1.974,12.56666667,0.533333333,40.83333333,11.63333333,281.3,18.43333333,17.4,5.566666667,970,0.115,338.7333333,229.8,295.3666667,-0.566666667,2.633333333
1,303,2020-09-30,1.95,7.1,0.4,70.9,0.1,308.1,12.2,13.9,3,983,2.561,0,0.04,0,-0.7,2.3
4,307,2020-10-04,2.078714286,14.76428571,0.421428571,50.62142857,5.935714286,282.1428571,21.3,15.8,4.721428571,961.7857143,4.352214286,191.9385,116.4510714,100.5071429,-0.5,1.935714286
1,308,2020-10-05,2.416,10.53333333,0.433333333,69.5,0.433333333,289.4666667,17.06666667,9.833333333,2.6,962.6666667,5.150333333,5.423666667,3.350666667,0,-0.433333333,0.966666667
1,309,2020-10-06,2.058875,10.1625,0.4875,69.2125,5.75,285.7,19.1125,15.75,4.6875,966.875,4.52875,179.875,105.787625,96.475,-0.5,1.9625
1,310,2020-10-07,2.380333333,7.6,0.466666667,81.56666667,0.366666667,297.3666667,14.66666667,8.366666667,1.866666667,975,3.858666667,1.354,0.744,16.43333333,-0.266666667,0.833333333
4,314,2020-10-11,2.244818182,2.618181818,0.236363636,88.66363636,0.036363636,298.9,14.59090909,14.49090909,3.463636364,956.2727273,0.562818182,8.759363636,11.37890909,13.83636364,-0.527272727,2.254545455
1,315,2020-10-12,2.055388889,3.35,0.288888889,66.37777778,0.066666667,295.2277778,15.37777778,21.7,5.705555556,958.9444444,-1.462166667,89.50672222,62.53494444,52.68888889,-0.622222222,2.838888889
1,316,2020-10-13,2.016666667,0.1,0.233333333,65.3,0.133333333,305.0333333,15.16666667,18.93333333,4.833333333,966,-5.376,14.307,13.35766667,47.2,-0.6,2.433333333
1,317,2020-10-14,1.988,1.3,0.233333333,42.43333333,0.1,305.8,16.56666667,21.23333333,5.3,973.3333333,-9.643333333,434,267.0333333,180.7666667,-0.433333333,2.766666667
1,318,2020-10-15,2.019363636,-4.254545455,0.236363636,52.56363636,0.136363636,299.3272727,16.21818182,19.88181818,5.318181818,980.8181818,-12.35454545,275.9151818,197.6735455,196.4363636,-0.536363636,2.681818182
1,319,2020-10-16,2.042,-5.033333333,0.133333333,73.63333333,0.2,302.7,14.33333333,16.66666667,4.1,977,-9.29,0,0.028666667,0,-0.433333333,2.4
1,320,2020-10-17,2.064923077,-4.753846154,0.238461538,71.03076923,0.176923077,301.6,15.03846154,17.89230769,4.5,981.8461538,-8.475769231,97.13769231,53.76438462,35.26923077,-0.492307692,2.330769231
1,321,2020-10-18,2.157,-4.38125,0.35625,72.96875,0.58125,289.89375,17.73125,9.10625,2.39375,982.4375,-7.9345,78.6956875,41.817875,40.73125,-0.35,0.91875
2,323,2020-10-20,1.998,-3,0.3,52.9,1.4,278.7,92.8,1.2,2.3,976,-7.604,146.8,77.86,123.4,-0.3,1.2
1,324,2020-10-21,2.14225,-5.35,0.2,70.45,0,289.9,15.1,12.475,3.225,987,-7.79875,0.0015,0.0305,0,-0.375,1.45
1,325,2020-10-22,2.100357143,-5.507142857,0.378571429,67.9,1.7,289.6571429,17.07857143,11.32857143,3.007142857,991.2857143,-10.42428571,96.20085714,106.2826429,119.5785714,-0.392857143,1.214285714
1,326,2020-10-23,2.186,-4.5,0.5,69.1,0.8,287.5,15.3,8.3,2.3,991,-9.56,0,0.041,0,-0.3,0.5
1,327,2020-10-24,2.115631579,-3.168421053,0.284210526,58.31578947,1.173684211,289.5210526,16.68947368,12.65789474,3.463157895,991.0526316,-9.85,127.1846316,91.09084211,84.96315789,-0.421052632,1.478947368
1,328,2020-10-25,2.0965,-2.75,0.75,57.3,10,278.3,29,11.45,4.3,982,-10.765,0,0.0485,0,-0.5,1.15
1,329,2020-10-26,3.1345,-4.1,0.75,59.7,0.35,297,16.65,8,2.25,974.5,-12.555,0,0.0475,0,-0.3,0.45
2,331,2020-10-28,2.014,-7.5,0.3,88.8,0.8,306.6,84.9,1.4,2.6,977,-8.76,0,0.035,0,-0.2,0.8
4,335,2020-11-01,2.03,6.85,0.6,74,27.9,272.4,18.95,15.1,4.6,967,2.3215,293.75,271.85,211.3,-0.7,2.05
1,336,2020-11-02,2.157,-1.8,0.4,91.5,0,304.8,58.3,3.6,2,966,-2.52,0,0.041,2.3,-0.3,0.6
4,340,2020-11-06,2.090214286,-9.192857143,0.621428571,71.96428571,5.571428571,284.9214286,18.24285714,12.24285714,3.635714286,973.2142857,-12.27142857,16.28785714,37.69478571,19.56428571,-0.378571429,1.335714286
12,352,2020-11-18,2.191571429,-9.607142857,0.185714286,75.98571429,0.2,290.8,18.39285714,12.46428571,3.457142857,964.4285714,-12.31857143,9.512571429,27.27307143,24.08571429,-0.364285714,1.528571429
1,353,2020-11-19,2.127,-12.15,0.1,80.35,0.1,290.05,32.8,8.8,2.2,977.5,-15.11,0.0005,0.037,0,-0.5,1.15
6,359,2020-11-25,2.112888889,-6.177777778,0.322222222,77.44444444,9.677777778,282.8111111,17.07777778,13.32222222,3.666666667,961.5555556,-9.102555556,5.541222222,7.911666667,4.655555556,-0.466666667,1.455555556
1,360,2020-11-26,3.453,-5.8,0.3,91.4,0.1,283.6,85.7,0.8,2.4,957,-5.164,0,0.046,0,-0.1,0.5
1,361,2020-11-27,2.034833333,-0.116666667,0.283333333,64.53333333,22.18333333,280.2333333,21.45,19.6,5.95,960.1666667,-6.1185,37.18666667,119.6635,90.15,-0.85,2.516666667
1,362,2020-11-28,2.37475,-10.775,0.375,77.2,0.35,282.95,30.5,6.1,2.125,971.5,-22.505,22.21175,49.267,126.4,-0.35,0.525
2,364,2020-11-30,2.082,2.6,0.15,72.55,3.85,278.7,23.9,14.35,5.6,957,-3.931,0,0.0585,0,-0.4,1.85
1,365,2020-12-01,2.1906,1.06,0.18,66.56,0.36,295.46,15.18,14.22,4.02,971,-3.5844,0.0012,0.0546,0.88,-0.44,1.76
6,371,2020-12-07,2.161333333,7.3,0.266666667,65.83333333,2.633333333,287.4333333,15.33333333,16.86666667,4.566666667,962,1.224666667,0,0.050666667,0,-0.5,1.4
3,374,2020-12-10,2.016,-4.3,0.3,89,0.4,292.3,86.2,0.5,2.1,976,-7.013,0,0.037,0,-0.1,0.3
2,376,2020-12-12,2.09375,-9.925,0.175,77.1,0.125,296.375,15.15,21.2,5.625,973.25,-10.33,0.1645,0.1355,1.825,-0.625,2.95
7,383,2020-12-19,2.0676,-20.26,0.36,65.54,1.52,286.66,28.5,10.6,3.08,962.4,-23.968,17.2252,29.1438,20.1,-0.3,1.14
5,388,2020-12-24,2.4045,0.75,0.1,80.8,0.3,300.5,17.35,9.3,2.2,964,-1.1025,0,0.047,0,-0.25,0.7
1,389,2020-12-25,2.30425,-1.05,0.275,81.45,0.2375,286.8,26.9625,7.7625,2.7,972,-3.9025,8.97425,7.5465,4.375,-0.3,0.65
3,392,2020-12-28,2.1485,-9.65,0.45,90.8,14.9,280.55,43,5.8,2.05,970,-14.36,6.653,4.5675,85.9,0.05,0.35
6,398,2021-01-03,2.074,-19.8,0.4,84.1,0.1,296.3,56.1,1.7,0.7,959,-21.9,0.001,0.034,0,-0.2,0.2
10,408,2021-01-13,2.2438,-0.56,0.34,63.04,12.56,277.78,16.88,14.5,4.22,958,-6.813,54.12,30.5094,35.02,-0.7,2.02
3,411,2021-01-16,2.035,3.5,0.5,65.1,26.3,275.7,16.1,20.1,5.2,964,-2.833,0,0.057,0,-0.5,2.2
3,414,2021-01-19,2.203166667,3.283333333,0.25,74.35,1.2,284.6666667,30.28333333,14.05,4.966666667,946.8333333,-0.569833333,2.83,1.571666667,0.5,-0.516666667,2.2
1,415,2021-01-20,2.048,1,0.133333333,78.66666667,2.633333333,283.1666667,24.83333333,19.63333333,6,952.6666667,-2.222,0,0.049666667,0,-0.666666667,2.366666667
1,416,2021-01-21,2.108,-10.4,0.3,82.2,0.4,281.15,63.4,2.15,1.5,978.5,-13.3,129.1,82.0235,26.2,-0.15,0.5
11,427,2021-02-01,2.36,-8.9,0.1,74.3,1.5,302.8,24.8,5.8,2.1,975,-12.98,15.31,8.12,0.2,-0.3,0.7
7,434,2021-02-08,2.1516,-27.55,0.38,63.63,0.02,299.88,14.88,16.4,3.99,988.5,-33.174,43.153,44.0891,37.44,-0.42,2.12
1,435,2021-02-09,2.131,-27.28,0.24,70.1,0.02,290.06,14.96,13.96,3.6,987.2,-30.934,6.038,3.751,14.3,-0.38,1.82
1,436,2021-02-10,2.05,-28.9,0.05,66.6,0.1,309,12,10.9,2.4,989.5,-33.815,0,0.033,0,-0.4,1.5
1,437,2021-02-11,2.1365,-28.8,0.15,72.65,0.45,280.2,19.45,7,2.1,1000.5,-33.985,0.15,0.2335,5.85,-0.45,0.85
10,447,2021-02-21,2.241333333,4.2,0.2,80.5,3.3,278.1333333,17.03333333,16.03333333,4.666666667,941,1.838333333,2.516666667,1.459,0,-0.466666667,1.766666667
6,453,2021-02-27,2.122,-20.1,0.4,70.2,1.5,273.5,38,4.9,1.9,974,-27.39,120.1,123.5,194.7,-0.2,0.9
2,455,2021-03-01,2.247,-10.4,0.4,78.1,0.7,289.9,34.9,5.1,2.2,963,-13.76,139.1,73.27,147,-0.3,0.9
5,460,2021-03-06,2.089,8,0.5,41.9,16.3,275.8,18.6,14.5,4.2,960,-4.838,519.1,299.8,172.7,-0.7,2.3
6,466,2021-03-12,2.076,2.4,0.25,46.15,15.55,276.55,21.7,9.5,2.9,970.5,-8.81,472.85,296.35,369.15,-0.45,1.1
3,469,2021-03-15,2.067166667,-8.7,0.35,56.38333333,0.333333333,286.3,18.05,15.31666667,4.05,973.1666667,-14.925,259.5185,155.4698333,238.3333333,-0.383333333,1.9
1,470,2021-03-16,2.1285,7.95,0.05,35.25,1.85,281.4,25.75,13.3,4,968,-7.1955,876.5,490.65,379.55,-0.75,2.2
4,474,2021-03-20,2.024,-5.6,0,73.9,0,302.1,15.2,18.3,4.6,968,-7.626,0,0.044,0,-0.6,2.7
1,475,2021-03-21,2.0056,-9.84,0.1,61.02,0.08,288.6,18.8,13.54,3.64,974,-14.154,91.0782,100.0072,233.26,-0.34,1.64
4,479,2021-03-25,2.148333333,-10.63333333,0.133333333,59.3,3.766666667,285.7,46.16666667,6.266666667,2.5,973.3333333,-17.88666667,591.4,395.38,349.7333333,-0.2,1.4
1,480,2021-03-26,2.012,-3.6,0,42.4,1,301.4,37.5,7.6,2.7,971,-14.33,936,526.4,528,-0.4,1.5
2,482,2021-03-28,2.311333333,6.8,0.133333333,66.83333333,0.333333333,302.2666667,17.63333333,13.6,3.6,951,1.962666667,542.4333333,290.7333333,364.3,-0.4,1.8
5,487,2021-04-02,2.010875,4.5375,0.6,44.4625,2.4875,293.3375,23.8,12.6125,3.65,969.75,-5.99425,658.8325,389.56125,470.6375,-0.325,2.025
3,490,2021-04-05,2.006,9.9,1.6,33.9,1.9,272.2,26.2,9.9,2.8,965,-4.302,327.1,175.5,212.9,-0.2,1.4
2,492,2021-04-07,2.337,4,0.6,95.3,0.1,278.7,18.5,8.9,2.5,962,2.74,0,0.047,0,-0.3,1.2
1,493,2021-04-08,2.059,-1.28,0.22,67,0,302.54,16.82,14.88,3.72,969.4,-6.0512,147.8,79.582,46.06,-0.38,1.96
3,496,2021-04-11,2.024,-5.9,0.2,53.3,0.2,274.7,42.5,6.6,2.4,987,-15.03,952,527.6,554.5,-0.4,1.8
11,507,2021-04-22,1.9788,0.32,0.2,41.28,0,300.08,23.62,19.68,6.56,978.6,-12.032,711.32,405.38,379.96,-0.48,2.68
1,508,2021-04-23,2.039,-3.9,0.2,64.7,1.4,289.5,45.7,6.3,2.6,980,-12.11,818,460.8,297.5,-0.4,2.1
1,509,2021-04-24,2.161333333,0.266666667,0.066666667,38.76666667,0.233333333,295.8666667,42.05,7.583333333,3.016666667,972.8333333,-12.83,310.3521667,229.7348333,224.2166667,-0.316666667,1.383333333
1,510,2021-04-25,2.029,1.9,0.3,68.6,2.5,284.3,76,2.7,2.2,963,-4.246,403.7,224.9,107.4,-0.3,1.3
1,511,2021-04-26,2.173,1.4,0.2,72.1,0.6,298.1,20.2,15.4,6.1,957,-1.64,0.988,0.706,12.3,-0.4,1.7
1,512,2021-04-27,1.958,-4.7,0.1,28.85,1.65,299.35,36,9.95,3.85,981,-19.285,688.9,387.05,277.45,-0.45,1.85
1,513,2021-04-28,1.997666667,2.7,0.033333333,23.23333333,3.233333333,298.2666667,33.86666667,12.3,4.533333333,977,-17.18333333,1054.166667,586.9333333,482.8,-0.366666667,2.166666667
2,515,2021-04-30,2.085125,14.225,0.5875,50.4875,1.775,282.3375,25.225,18.9,6.3125,958.75,4.92975,497.3025,261.84325,220.6,-0.6875,2.375
1,516,2021-05-01,2.1765,8.2,0.45,73.4,0.25,281.8,34.35,8,3.45,962,4.2865,127.5,102.48,169.05,-0.45,1.2
7,523,2021-05-08,2.047,12.5,0.4,49.1,0.7,271.9,19,8.8,3,980,-4.001,6.911,3.71,0,-0.3,1.1
2,525,2021-05-10,2.184,15.9,0,35.3,0.1,287.2,25.4,6.3,2.2,977,0.695,122.2,59.23,28.4,-0.2,0.7
5,530,2021-05-15,2.080666667,17.23333333,0.2,46.1,0.266666667,298.2,27.26666667,13.13333333,4.866666667,968.3333333,6.524333333,818.6666667,434.8333333,502.0333333,-0.366666667,1.833333333
12,542,2021-05-27,2.13,20.5,0.45,44.9,7.7,298.65,40.05,5.45,2.15,963.5,7.6815,492.3,260.65,164.75,-0.25,1.25
1,543,2021-05-28,2.427,8.1,0.3,93.2,0.1,301.6,27,6.1,2.1,964,7.01,26.76,17.67,2.3,-0.3,0.7
3,546,2021-05-31,2.0365,20.7,0,46.45,1.2,292.5,59.85,5.75,3.5,972,8.9845,931.9,519.45,575.85,-0.4,1.75
1,547,2021-06-01,2.008,27.1,0.1,34.5,3.4,271.1,19,11.2,4,965,8.66,328.9,172.2,97.9,-0.3,1.6
1,548,2021-06-02,1.985,25.7,0.225,42.7,0.7,286.475,32.075,7.025,2.6,964.75,10.9225,562.4,292.65,223.275,-0.125,1.25
1,549,2021-06-03,1.9325,26.75,0.3,25,4.55,273.35,19.3,15.4,5,959,4.7005,747.05,404.2,222,-0.3,2.6
3,552,2021-06-06,2.060857143,15.01428571,0.357142857,67.95714286,4.042857143,284.2142857,26.72857143,11.02857143,3.742857143,960,9.217857143,733.3285714,404.9,291.3285714,-0.2,1.885714286
2,554,2021-06-08,2.129,13.7,0.5,49.8,14.2,285.3,77,4.9,3.2,980,3.623,759.2,405.6,528,-0.4,1.8
2,556,2021-06-10,2.053,15.6,0.1,85.7,0.4,297.5,45,5.3,2.2,970,13.34,356.9,181.3,311.6,-0.3,1.6
1,557,2021-06-11,2.064444444,14.53333333,0.277777778,80.8,2.6,281.7,23.72222222,12.01111111,4.111111111,964.7777778,12.23222222,381.0413333,200.365,251.6,-0.177777778,1.933333333
1,558,2021-06-12,2.0654,20.4,0.04,38.32,2.64,289,48.64,5.56,2.36,967,5.0106,468.804,252.578,235.64,-0.16,1.16
3,561,2021-06-15,2.168,24.4,0.4,67,1.2,284.5,34.7,9.2,3.5,962.5,15.045,532.8,279.55,171.7,-0.05,2.05
3,564,2021-06-18,2.142666667,13.33333333,1.4,81.66666667,5.233333333,284.2666667,34.33333333,5.633333333,2.066666667,975,10.51666667,129.8546667,71.05766667,120.3666667,-0.3,0.966666667
1,565,2021-06-19,2.105333333,14.43333333,2.066666667,74.56666667,0.333333333,283.0666667,21.6,10.06666667,2.966666667,969.6666667,8.499,308.2,181.5,281.9333333,-0.2,1.466666667
1,566,2021-06-20,1.939,17.4,0.2,33.3,0.1,303,69.2,4.5,3.1,981,0.654,1509,802,654.1,0.1,2
2,568,2021-06-22,2.09125,18.625,0.575,71.1,0.175,293.8,17.1,11.825,3.4,957.75,11.725,383.64,203.2075,123.125,-0.5,1.9
1,569,2021-06-23,2.02,17.86,0.32,58.46,0.06,302.24,19.42,15.3,4.52,964.4,7.498,661.62,366.146,316.6,-0.38,2.48
2,571,2021-06-25,1.947,22.8,0.2,50,1,290,19.7,13.1,4.3,966,13.64,622.9,341.5,205.9,-0.3,2.2
8,579,2021-07-03,1.977125,20.8,1.2625,65.7125,2.0125,287.75,21.5875,15.85,5,967,14.67,639.8125,337.949625,263.4625,-0.3375,2.5625
1,580,2021-07-04,1.996,13.9,0.15,75.65,0,306.85,14.25,13.95,3.25,972,10.555,0,0.0405,0,-0.65,2.2
6,586,2021-07-10,2.008,22.1,0.6,67.7,1.6,278.3,18,11.1,3.7,968,15.18,2.741,2.132,0,-0.2,1.2
1,587,2021-07-11,1.893166667,20.35,0.333333333,56.98333333,2.883333333,282.9666667,20.26666667,13.15,4.25,970.1666667,11.04833333,293.2396667,154.9955,198.1833333,-0.3,1.85
1,588,2021-07-12,2.064,17.1,0.4,65,0.3,299.2,21.9,7.3,2.2,972,9.74,0,0.062,0,-0.5,1
3,591,2021-07-15,2.242,17.4,0.5,54.2,0.1,298.5,14.7,8.1,2.5,969,6.797,2.949,1.694,0,-0.2,1.2
3,594,2021-07-18,1.96,17.1,0.05,60.25,0.15,288.95,63.6,2.45,1.35,984.5,9.295,738.65,406.65,434.55,-0.2,1.3
5,599,2021-07-23,2.03325,17.8625,0.125,81.7125,5.275,278.1,20.6,15.2125,4.925,962.875,13.95625,532.685,283.208875,208.9875,-0.2375,2.075
1,600,2021-07-24,1.9564,18.92,0.2,70.54,9.5,282.9,21.02,15.46,5.06,969.6,13.676,459.44,241.19,293.42,-0.36,2.56
3,603,2021-07-27,1.969,23.75,0.05,44.9,11.05,273.85,23.65,13.45,4.9,969,11.37,1112.5,599.45,545.85,-0.25,2.2
1,604,2021-07-28,2.035,24.4,0.1,35.75,2.85,283.5,25,9.05,3.1,975,6.3185,401.4,217.7,102.9,-0.2,1.1
1,605,2021-07-29,2.165,25.35,0.2,34.1,0.7,303,22.35,10.15,3.1,975.5,6.821,618.33,325.91,169.5,-0.4,1.7
1,606,2021-07-30,2.229,13,1.3,75.5,0.1,304.3,30.4,3,1.6,979,6.458,0,0.041,0,-0.1,0.6
7,613,2021-08-06,2.34025,19.1,0.275,84.8,0.225,293,35.075,9.825,3.625,964.25,16.3775,315.60275,185.75375,53.925,-0.3,1.725
1,614,2021-08-07,2.1745,14.65,0,71.95,0.2,287.45,20.15,7.85,2.6,960,8.805,4.4635,3.2455,0,-0.2,0.85
2,616,2021-08-09,1.927,20,0.2,60.2,1.3,288.2,39.2,16.4,8.1,955,11.8,0,0.061,0.1,-0.7,2.5
1,617,2021-08-10,2.051333333,14.6,0.366666667,71.01666667,0.241666667,293.25,20.39166667,16.76666667,5.158333333,960.0833333,9.814166667,304.2725833,163.1768333,160.675,-0.475,2.466666667
1,618,2021-08-11,2.115,13.3,0.266666667,73.36666667,0.066666667,294.0666667,16.96666667,14.23333333,4,964.6666667,8.936666667,29.63333333,15.39733333,42.73333333,-0.433333333,2.5
1,619,2021-08-12,2.214285714,18.34285714,0.7,56.47142857,0.3,289.2,17.97142857,9.014285714,2.642857143,975.2857143,8.546428571,293.2085714,156.3065714,105.2285714,-0.328571429,1.242857143
1,620,2021-08-13,2.517666667,26.96666667,0.633333333,43.26666667,4.7,287.5,16.33333333,10.26666667,2.966666667,967,13.08,264.6633333,143.11,47.66666667,-0.2,0.966666667
1,621,2021-08-14,2.0062,21.86,0.4,58.16,2.82,278.56,17.68,12.9,3.78,964.8,12.818,44.6388,23.9648,10.86,-0.26,1.72
1,622,2021-08-15,2.04,17.8,0.4,68.7,0.5,281.8,28.3,9.6,3.8,967,12.05,0,0.06,0,-0.3,1.1
1,623,2021-08-16,2.1178,14,0.38,62.44,0.36,290.56,17.88,17.42,4.98,964.4,6.4032,171.2726,91.4558,90.46,-0.44,2.56
1,624,2021-08-17,2.248,9.75,0.4,82.4,0.2,278.65,17.05,10.7,2.9,968.5,5.1705,0,0.0605,0.2,-0.3,1.4
2,626,2021-08-19,2.068,19.42,0.3,58.5,5.58,282.28,22.48,11.34,3.72,972,12.306,546.46,289.64,266.8,-0.28,1.82
1,627,2021-08-20,2.534,12.5,0.6,73.4,0,298.6,16.5,9.5,2.8,975,8.24,145.6,105.5,174.1,-0.3,1.8
10,637,2021-08-30,2.0735,14.4,0,86.55,10.05,279,64.5,3.4,1.8,971,12.415,211.905,166.67,231.15,-0.25,0.95
1,638,2021-08-31,2.213,14.5,0.4,99.8,0,306.7,50.3,5.1,3.2,964,14.51,7.15,3.477,0,-0.3,1.2
6,644,2021-09-06,2.1722,19.06,0.36,45.78,0.46,287.88,17.58,14.02,4.06,965.6,6.136,275.1662,171.5712,114.38,-0.28,1.96
1,645,2021-09-07,2.064571429,18.4,0.157142857,53.68571429,0.728571429,285.2857143,24.91428571,10.67142857,3.614285714,973.8571429,8.824857143,590.5431429,374.0471429,334.5142857,-0.285714286,1.914285714
2,647,2021-09-09,2.074285714,14.34285714,0.057142857,84.92857143,0.271428571,280.7714286,19.07142857,10.35714286,3.128571429,966.7142857,13.17285714,85.45385714,45.80442857,29.47142857,-0.257142857,1.485714286
1,648,2021-09-10,2.17375,11.225,0.175,84.7,0,293.875,25.1,8.925,2.75,972.25,8.925,183.30975,98.319,75.55,-0.3,1.475
2,650,2021-09-12,2.186,13.6,11.6,69.6,0.2,279.5,17.2,13.8,5,968,7.074,0.361,0.207,0,-0.1,1.8
1,651,2021-09-13,2.026,15.52857143,0.785714286,58.82857143,2.485714286,286.5,24.72857143,13.45714286,4.671428571,968.1428571,8.141857143,435.1271429,251.9125714,236.0857143,-0.428571429,2.3
2,653,2021-09-15,2.039333333,7.366666667,0.333333333,84.06666667,3.7,281.3333333,18.53333333,23.06666667,6.9,950,4.675666667,0.001666667,0.026333333,0,-0.366666667,3.233333333
4,657,2021-09-19,2.2916,9.12,0.32,83.3,0.14,291.92,19.88,10.06,2.88,959.8,6.5134,191.2482,101.3272,136,-0.3,1.46
1,658,2021-09-20,2.1595,9.15,0.05,75.05,0.2,281.2,21.8,9.55,2.8,972.5,3.254,274.6,220.85,311.7,-0.2,1.55
1,659,2021-09-21,2.031,18.6,0.2,53.9,8,279.6,23.1,8.1,2.6,967,9.18,721.4,387.9,275.5,-0.1,1.4
2,661,2021-09-23,2.0537,8.29,0.07,61.65,1.86,286.03,18.43,15.65,4.59,972.9,1.4528,82.0305,55.1748,46.59,-0.47,2.38
10,671,2021-10-03,2.112,8.2,0.2,51.2,0.5,275.5,15.7,8.7,2.7,967,-2.582,0.503,0.439,0,-0.3,0.8
3,674,2021-10-06,2.03,5.65,0.35,68.5,0.3,273.45,17.25,12.35,3.85,970.5,0.2075,0,0.0395,0,-0.55,1.5
4,678,2021-10-10,2.019,8.75,0.5,49.55,0.1,307.75,22.7,8.3,2.15,963,-1.0495,163.4,90.1225,133.8,-0.3,1.3
8,686,2021-10-18,2.386333333,1.733333333,0.366666667,92.5,0,300.8,19.7,6.1,1.9,974,0.753666667,40.34366667,21.57766667,110.4333333,-0.3,0.8
11,697,2021-10-29,1.979,2.8,0.225,60.325,0.325,274.85,16.375,13.325,3.7,971,-2.781,0,0.01075,0,-0.325,1.35
1,698,2021-10-30,2.028545455,3.218181818,0.1,54.87272727,0.081818182,288.2909091,18.52727273,12.83636364,3.618181818,978.7272727,-4.738363636,167.5445455,122.5205455,138.0272727,-0.409090909,1.654545455
1,699,2021-10-31,2.567,-4,0.7,88.4,0.4,309.6,14.1,5.8,1.3,984,-6.973,0,0.023,0,-0.3,0.2
7,706,2021-11-07,2.118,1.6,0.3,76.6,1.9,275.4,18.5,11.4,3.7,965,-0.948,0,0.02,0,-0.6,1.1
1,707,2021-11-08,2.320888889,-1.866666667,0.144444444,72.43333333,0.244444444,292.0555556,18.26666667,9.111111111,2.422222222,970.7777778,-5.867666667,8.239888889,6.564222222,13.45555556,-0.322222222,0.933333333
5,712,2021-11-13,2.027,2.5,0.2,73.1,3.7,271.5,21.2,10.5,3.3,969,-0.688,0,0.016,0,-0.5,1.1
5,717,2021-11-18,2.249,-7.35,0.45,92.15,0.3,272.95,55.05,2.8,1.8,965,-9.4265,0,0.0255,0,-0.2,0.6
1,718,2021-11-19,2.0596,-7.78,0.14,74.24,0.02,286.08,16.46,15.26,3.96,970.2,-10.436,0.0008,0.0226,0,-0.38,1.66
1,719,2021-11-20,2.1455,-14.1375,0.25,75.4,0.075,289.5375,38.7125,7.8875,2.7,984.75,-18.5875,4.4075,3.56425,0.0625,-0.425,0.8375
6,725,2021-11-26,2.035,0.15,0.3,63.45,5.3,275.1,16.05,21.25,5.9,963,-5.0875,0.6165,0.4115,0,-0.65,2.35
1,726,2021-11-27,2.011,-6.9,0.6,69.2,12,275.1,35.2,6.2,2.3,974,-11.78,0,0.024,7.1,-0.2,1
2,728,2021-11-29,2.1024,-5.88,0.16,66.76,0.28,279.12,21.76,10.62,2.98,969.8,-9.155,88.71,58.3762,111.42,-0.36,1.54
1,729,2021-11-30,2.322,-4.6,0.5,89.2,0.5,302.6,29.7,3.5,1.2,960,-5.107,36.37,27.51,24.5,-0.2,0.4
2,731,2021-12-02,2.091166667,-11.41666667,0.15,84.93333333,0.45,280.8833333,15.58333333,15.28333333,4.366666667,968.8333333,-13.31833333,0,0.0205,0,-0.466666667,1.883333333
1,732,2021-12-03,2.146444444,-16.03333333,0.177777778,75.05555556,0.077777778,285.9555556,17.13333333,9.666666667,2.677777778,979.1111111,-19.34,6.998222222,41.17966667,24,-0.288888889,0.788888889
5,737,2021-12-08,2.1525,-4.4,0.35,81.85,1.05,274.6,18.1,12.3,3.1,947,-8.415,0,0.0635,0,-0.4,1.15
1,738,2021-12-09,2.453666667,-8.1,0.3,76.85,0.2,281.45,16.46666667,11.36666667,2.866666667,953,-10.70166667,4.975333333,14.87483333,2.683333333,-0.416666667,1.1
2,740,2021-12-11,2.029,-4.1,0.4,72.1,5.4,282,19.4,13.4,4.3,942,-6.692,0,0,0,-0.3,1.3
4,744,2021-12-15,2.377,-24.3,0.4,78,0.3,306.1,19.1,5.1,1.4,977,-26.91,36.08,151.8,140.2,-0.1,0.9
6,750,2021-12-21,2.942,-10.5,0.9,82.8,0.5,306.3,28.9,6.2,1.8,960,-13.2,29.15,40.21,24.3,-0.2,0.8
3,753,2021-12-24,2.317666667,-25.73333333,0.333333333,75.46666667,0.166666667,300.7666667,15.4,7.566666667,1.566666667,964,-31.27666667,0,0,0,-0.266666667,1.133333333
1,754,2021-12-25,2.16375,-27.975,0.375,73.675,0.275,279.975,17.6,10.725,3.05,972.75,-35.035,1.0785,3.2325,8.9,-0.4,0.8
5,759,2021-12-30,2.226,-29.5,0.3,69.8,0,301.3,44.3,1.8,1.2,972,-33.98,17.11,36.53,44.8,0,0.7
9,768,2022-01-08,2.2527,-25.88,0.13,67.56,0.11,285.92,16.15,9.27,2.42,976.6,-31.801,7.3296,17.3058,9.21,-0.34,0.8
7,775,2022-01-15,2.156,2.3,0.4,86.2,11.2,271.1,16.1,16.3,4.1,962,-0.943,0,0.022,0,-0.6,2.3
10,785,2022-01-25,2.128,1.5,0.4,88.375,5.65,276.1,15.75,18.675,5.075,954.5,-1.117,0.11225,0.7485,0,-0.725,2.35
1,786,2022-01-26,2.461,1.433333333,0.466666667,75.86666667,0.366666667,287.8,15.23333333,15.56666667,3.9,964,-3.975333333,0.007333333,0.016666667,0,-0.533333333,2.2
5,791,2022-01-31,2.145,-20.35,0.025,71.15,0.175,287.1,15.725,9.45,2.325,984,-25.2675,0.0015,0.02075,0,-0.375,0.975
1,792,2022-02-01,2.063,-24.03333333,0.266666667,72.9,0.066666667,280.2,15.33333333,12.83333333,3.266666667,987,-28.56333333,0.000666667,0.02,0,-0.4,1.166666667
6,798,2022-02-07,2.113,3.9,0.3,80.2,2.6,273.4,15.1,18,4.7,952,1.02,1.025,0.465,0,-0.6,2.2
3,801,2022-02-10,2.471,3.3,0.5,81,1,277.2,14.5,17.7,4.4,953,-6.695,0,0.019,0,-0.6,2.1
1,802,2022-02-11,2.05775,-16.625,0.25,66.525,1.5,282.875,50.125,5.7,2.475,991.5,-21.4925,217.201,186.86525,180.75,-0.15,1
6,808,2022-02-17,2.7675,-15.6,1.35,78,3.1,281,32.15,4.4,1.4,965,-18.41,190.2,130.55,107.2,-0.15,0.85
8,816,2022-02-25,2.436,-1.633333333,0.3,61.23333333,0.6,302.3,18,9.9,2.466666667,969,-8.610666667,128.9333333,189.2333333,174.2333333,-0.366666667,1.333333333
10,826,2022-03-07,1.989,-4.5,0.2,63.8,0,307.9,12.2,35.8,8.3,970,-11.56,92.7,45.96,88.3,-1.1,3.9
2,828,2022-03-09,2.313666667,-5.6,0.4,47.26666667,1.666666667,278.4666667,16.03333333,12.66666667,3.633333333,968.6666667,-15.39666667,46.416,23.80466667,10.13333333,-0.566666667,1.6
1,829,2022-03-10,2.098,-21.76666667,0.266666667,64.53333333,0,297.9333333,13.9,15.4,3.5,979.6666667,-27.01333333,0.838,0.516666667,24,-0.466666667,1.966666667
2,831,2022-03-12,2.098,-8.5,0.45,68.4,0.25,306.75,23.15,11.9,3.35,966.5,-12.63,421.35,366,214.35,-0.3,1.4
3,834,2022-03-15,2.103,-2,0.1,54.6,2.3,301.4,80.9,0.8,1.4,963,-9.61,244.6,376.5,490.4,0,0.9
6,840,2022-03-21,2.492,4.566666667,0.266666667,42.93333333,0.333333333,295.4333333,32.96666667,9.5,2.866666667,973.3333333,-8.503333333,317.3816667,162.9273333,131.6,-0.433333333,1.033333333
2,842,2022-03-23,2.0855,16.05,0.3,34.9,6.15,288.1,47,3.65,1.45,963.5,0.0285,841.5,503.3,445.6,0.05,0.8
7,849,2022-03-30,3.075,-0.1,0.3,79.6,0.6,285.6,59.7,0.9,1,966,-4.093,1.605,1.083,48.5,-0.2,0.4
1,850,2022-03-31,2.312,0.8,0.5,94,0.4,293.3,45.9,2,1.1,962,-0.319,139.8,67.5,144.9,-0.1,1.2
5,855,2022-04-05,2.228,3.4,0.4,95.8,0.2,296.2,27,7,1.9,965,2.088,99.6,44.46,53.3,-0.3,1.3
1,856,2022-04-06,2.025,7.5,0,57.3,0.8,301.9,32.9,7.7,2.9,982,-0.346,912,536.5,649.7,-0.2,2
3,859,2022-04-09,2.092444444,2.066666667,0.211111111,82.28888889,0,288.2333333,16.67777778,16.27777778,4.511111111,952.2222222,-0.756888889,109.8964444,51.55977778,67.81111111,-0.477777778,2.277777778
13,872,2022-04-22,2.15,11.8,0.2,32.3,6.1,285.5,37.1,8.6,3.3,973,-4.29,103.6,50.56,7.3,-0.2,0.5
1,873,2022-04-23,2.644,-0.1,0.7,71.8,0.4,285,24.9,3.5,0.8,978,-5.985,2.292,1.296,42.7,-0.2,0.6
15,888,2022-05-08,1.944333333,3.666666667,0.3,84.83333333,4.75,281.3666667,22.88333333,12.08333333,3.9,949.5,1.839,260.7875,131.5366667,147.6666667,-0.566666667,2.016666667
1,889,2022-05-09,1.931375,1.9,0.35,68.8375,3.425,288.4625,18.7625,12.225,3.3375,962,-1.683125,275.866625,137.012125,122.225,-0.45,1.625
1,890,2022-05-10,1.907166667,0.8,0.15,64.56666667,0.6,286.0666667,26.9,8.116666667,3.1,968.5,-4.689666667,171.5166667,79.57933333,121.3166667,-0.4,1.35
1,891,2022-05-11,1.96,6.25,0.2,52.9,16.15,284.1,75.55,4.45,2.65,976,-3.326,990.15,598.3,774.35,0.15,1.85
2,893,2022-05-13,2.269,13.5,0.7,69.8,0.8,292.6,16.7,12.2,2.6,971,6.182,68.26,30.87,97.9,-0.6,1.7
8,901,2022-05-21,1.9235,15.85,0.05,19.8,3.5,283.15,64.95,5.95,3.75,981.5,-7.973,909.1,528.4,604.6,-0.45,1.75
5,906,2022-05-26,2.013,12.9,0.4,68,4.3,303.2,76.8,5.2,3.9,970,6.598,983,488.8,287.4,0.6,1.4
2,908,2022-05-28,1.962666667,15.86666667,0.333333333,55.43333333,4.033333333,281.2,30.56666667,9.666666667,3.866666667,958,8.233666667,421.1333333,204.6233333,161.2333333,-0.5,1.533333333
10,918,2022-06-07,2.102,23.5,0,33.8,1.9,294.9,48.5,10.6,4.6,976,4.973,1345,669.1,531.9,0.1,1.9
4,922,2022-06-11,1.927,24.3,0.1,28,2.6,282.6,25.4,7.8,3.2,959,5.497,494.3,234.3,227.5,0,1.3
13,935,2022-06-24,2.142,15,0.2,57.9,0.2,297.6,9.1,4.6,0.7,980,3.471,75.34,44.96,4.9,-0.3,0.6
1,936,2022-06-25,2.266,19.55,0.45,52.35,4.15,275.65,41.5,5.1,2.05,982,8.97,558.9,354.95,533.5,-0.35,1.3
1,937,2022-06-26,2.0845,16.75,0.05,65.35,0.15,300.4,19.8,6.6,1.95,979,10.045,543.1,263.25,92.6,-0.25,1.35
5,942,2022-07-01,2.035,17.6,0.1,45.9,0.1,306.7,70.4,5.4,3.8,979,3.736,1114,554.5,463.1,0.3,1.7
1,943,2022-07-02,1.992833333,23.23333333,0.6,31.71666667,1.066666667,294.5,27.3,8.966666667,3,975.3333333,5.168166667,787.9166667,380.2,433.75,-0.333333333,1.916666667
1,944,2022-07-03,2.452,12,1,79.2,0.1,277.2,39,2.3,1.3,975,6.847,5.222,2.081,14.4,-0.2,0.6
7,951,2022-07-10,2.139,17.98333333,0,83.28333333,1.016666667,277.5,21.45,12.46666667,4.266666667,968.6666667,15.21666667,372.1685,175.3035,163.6,-0.266666667,2.033333333
1,952,2022-07-11,1.964,20,0.3,62,1.1,280,77.7,2,1.4,970,10.69,64,39.63,2.9,-0.4,0.6
1,953,2022-07-12,1.95,27.6,0,44.9,1.8,280.9,24,7.2,2.3,967,14.42,631.1,303.8,286.1,-0.3,1.8
1,954,2022-07-13,2.491,15.9,0.3,84.6,0,289.1,18.3,12.1,3.9,965,13.01,78.6,31.04,248.1,-0.3,1.9
1,955,2022-07-14,2.035,23.2,0.1,39.65,4.35,281.75,18.6,10.45,3.4,968.5,8.145,393.7,196.65,72.65,-0.15,1.5
2,957,2022-07-16,2.06025,23.175,0.025,61.825,1.775,285.8,48.425,6.45,3.7,969,15.87,916.1175,444.6425,407.525,-0.275,1.4
3,960,2022-07-19,1.99525,22.975,0.075,45.375,0.875,292.425,22,19.325,5.975,962.5,12.305,979.35,469.225,676.925,-0.625,3.325
1,961,2022-07-20,1.90775,21.2,0.3125,47.1125,1.1,290.9875,19.5,21.2125,6.3625,965.625,9.67125,560.8125,282.335,375.05,-0.7125,3.2625
1,962,2022-07-21,2.1625,14.05,0.65,81.05,0.2,297.75,13.85,9.2,1.95,968,10.125,0.7565,0.362,6.1,-0.4,1.4
3,965,2022-07-24,2.144,18,0.033333333,72.6,0.4,295.5,54.7,6.633333333,4.233333333,972,12.99666667,561.8,275.3333333,187.2333333,-0.233333333,1.566666667
1,966,2022-07-25,1.986,23,0.2,39.7,0,309,15.2,18,4,972,8.17,1018,489.6,438.9,-0.4,2.3
11,977,2022-08-05,2.051,19.3,0.05,44.05,0.3,295.95,28.05,9.4,3.2,973,6.5255,1043,509.25,758.2,-0.4,2.2
2,979,2022-08-07,2.042,26.4,0,37.73333333,4.866666667,284.6333333,23.63333333,9.3,3.133333333,966,10.01333333,757.8333333,359.9,413.2666667,-0.233333333,1.366666667
1,980,2022-08-08,2.249866667,15.01333333,0.3,87.26666667,0.086666667,285.42,20.85333333,11.62666667,3.88,969.5333333,13.232,184.4670667,83.8334,84.38,-0.293333333,1.913333333
1,981,2022-08-09,2.217,14.575,0.375,76.15,0.2,289.525,46.55,6.225,2.85,977.75,10.08,299.8695,201.8775,298.6,-0.35,1.325
8,989,2022-08-17,2.119,26.6,0.3,42.3,1.1,284.6,34.8,8.3,3.6,978,13.36,1097,521.1,690.7,-0.3,1.6
11,1000,2022-08-28,2.123083333,19.04166667,0.075,58.20833333,0.25,290.4333333,22.29166667,11.025,3.525,961.3333333,11.3025,526.0608333,255.8816667,330.6,-0.35,1.833333333
2,1002,2022-08-30,1.9025,27.65,0,37.65,6,273.3,21.05,12.7,4.05,968.5,11.155,693.3,383.8,302.15,-0.35,1.95
2,1004,2022-09-01,2.041375,17.5,0.3,55.125,0.2125,295.5125,19.0375,17.8125,5.4125,966.875,8.33175,428.89875,219.4975,228.375,-0.475,2.875
7,1011,2022-09-08,2.139384615,12.96923077,0.123076923,61.05384615,0.015384615,292.6384615,18.83076923,15.56923077,4.538461538,972.6923077,4.587923077,321.596,160.2908462,210.9307692,-0.415384615,2.546153846
1,1012,2022-09-09,2.5345,8.25,0.133333333,71.65,0,281.3833333,18.96666667,12.38333333,3.616666667,975.8333333,3.040666667,30.87983333,14.21583333,83.01666667,-0.2,1.8
2,1014,2022-09-11,2.066,9.7,0.7,70.2,0,298.6,37.4,3.1,1.2,975,2.95,0,0.029,0,0,0.7
9,1023,2022-09-20,2.432666667,7,0.333333333,88.83333333,0.066666667,303.6333333,15.1,11.4,2.833333333,977.3333333,4.173333333,11.20566667,10.65433333,54.83333333,-0.5,1.933333333
4,1027,2022-09-24,2.0836,15.62,0.16,39.08,0.2,292.9,21.72,15.76,4.34,973,2.5502,267.0384,132.3774,71.04,-0.52,2.1
1,1028,2022-09-25,2.18,17.16666667,0.166666667,47,8.3,283.8,44.7,4.766666667,2.766666667,975,6.859,457.7666667,234,127.1666667,-0.233333333,0.933333333
7,1035,2022-10-02,2.017,19.1,0,23.4,0.2,308.5,14.7,13.9,3.5,975,-1.983,519.9,273.9,133.5,-0.4,2.1
18,1053,2022-10-20,2.206454545,13.06363636,0.2,39.73636364,1.418181818,287.3272727,16,21.52727273,6.063636364,959.8181818,-0.007454545,188.1620909,99.93227273,91.98181818,-0.509090909,2.927272727
5,1058,2022-10-25,2.1795,1.2,0.25,97.35,0.15,296.15,40.45,4.1,2.05,967,0.8335,0.1325,0.089,0,0,0.85
1,1059,2022-10-26,2.2905,0.05,0.35,84.1,0.2,289.65,18.45,8,2.3,966.5,-0.128,0.0005,0.026,0,-0.05,0.9
1,1060,2022-10-27,2.0045,10.3,0.15,45.45,10.15,297.15,22.85,20.75,8.2,944.5,-2.3625,79.62,52.595,8.85,-0.5,3.15
2,1062,2022-10-29,2.0165,6.65,0.25,58.7,12.5,272.2,18.75,22.95,7.05,962.5,-0.3075,198.5,98.85,173.75,-0.35,3.05
1,1063,2022-10-30,2.224,9.4,0.2,49.56666667,3.4,283.6333333,20.76666667,14.56666667,5.133333333,951.3333333,-2.246666667,78.59766667,47.01033333,98.53333333,-0.333333333,1.9
1,1064,2022-10-31,2.3498,1.28,0.3,79.44,0.08,293.2,15.44,10.44,2.46,958,-0.976,1.4722,0.8712,19.54,-0.14,1.1
18,1082,2022-11-18,2.3151,-4.27,0.21,73.36,0.01,288.22,16.26,12.1,3.04,983.7,-8.1469,45.834,21.277,23.83,-0.2,1.63
2,1084,2022-11-20,2.974,-5.05,0.35,55.9,0.5,295.7,30.15,7.65,2.55,968,-14.725,0.002,0.0195,0,-0.3,0.85
5,1089,2022-11-25,2.11225,2.35,0.3,65.1,26.575,277.95,17.35,14.875,4.375,958.75,-2.501,31.05,40.17575,42.8,-0.1,1.975
7,1096,2022-12-02,2.08125,-19.825,0.85,70.2,55.35,272.975,23.9,11.45,4,975.25,-26.05,16.4085,47.743,44.25,0,1
2,1098,2022-12-04,2.2065,-2.1,0.2,66.55,3.05,299.05,17.2,26.3,8.25,960.5,-5.8805,0.0015,0.0295,0,-0.5,2.85
1,1099,2022-12-05,2.3525,-20.55,0.2,69.65,0.05,293.45,17.3,10.15,2.4,977,-25.73,0,0.018,0,-0.15,0.75
7,1106,2022-12-12,2.071,-17.9,0.2,74.8,0,278.5,19.2,6.1,2,982,-20.76,0.001,0.024,0,-0.1,1.1
2,1108,2022-12-14,2.193,-10.9,0.3,88.5,0.5,308.2,63.5,2.9,1.9,984,-16.27,28.93,45.49,62.5,-0.1,0.9
7,1115,2022-12-21,2.137,-30.8,0.3,73.1,0.2,307.8,16.7,4.8,0.7,1007,-33.73,17.51,33.07,10.3,-0.1,0.8
11,1126,2023-01-01,2.373363636,-9.927272727,0.209090909,85.27272727,0.081818182,168.4909091,22.24545455,7.236363636,1.718181818,966.7272727,-11.71363636,5.959090909,38.57963636,36.18181818,0.536363636,0.836363636
1,1127,2023-01-02,2.6423,-10.115,0.56,88.245,1.19,158.28,19.275,6.375,1.57,964.4,-10.36965,6.03075,28.4881,26.03,0.575,0.905
1,1128,2023-01-03,2.801235294,-9.452941176,0.447058824,88.64117647,0.617647059,159.7176471,15.4,6.605882353,1.452941176,962.3529412,-8.874764706,3.104411765,11.26641176,10.82352941,0.752941176,0.870588235
1,1129,2023-01-04,2.8989375,-12.35,0.75,86.7625,1.7,146.0875,18.6125,5.125,1.15625,969.75,-13.704375,7.76075,39.677375,39.1,0.375,0.65
1,1130,2023-01-05,2.598294118,-14.22941176,1.194117647,86.49411765,4.705882353,158.8176471,20.35294118,4.8,1.194117647,973.2941176,-14.49294118,5.419058824,34.66994118,20.36470588,0.452941176,0.888235294
1,1131,2023-01-06,2.382666667,-8.988888889,0.405555556,83.76111111,1.905555556,156.9277778,14.91111111,9.088888889,1.877777778,967,-10.34277778,7.460333333,39.36555556,39.54444444,0.794444444,1.188888889
1,1132,2023-01-07,2.3606,-10.06,0.64,91.88,1.18,161.62,31.26,5.34,1.24,966.8,-9.818,4.846,10.2534,4.82,0.5,0.86
1,1133,2023-01-08,2.526571429,-11.14285714,0.657142857,90.54285714,1.514285714,160.9714286,27.17142857,3.142857143,0.785714286,968.7142857,-13.01,12.98428571,29.73342857,22.91428571,0.4,0.857142857
1,1134,2023-01-09,2.255222222,-7.866666667,0.611111111,92.2,1.822222222,144.8777778,23.58888889,3.711111111,1,966.3333333,-8.477777778,13.42655556,36.61244444,32.46666667,0.288888889,0.933333333
1,1135,2023-01-10,2.111111111,-8.833333333,0.155555556,91.73333333,0.177777778,156.1333333,30.26666667,3.533333333,0.955555556,969.1111111,-9.394444444,6.902444444,16.65922222,23.28888889,0.344444444,0.7
1,1136,2023-01-11,2.2989,-7.96,0.49,89.98,0.56,158.12,16.04,8.24,2.06,979,-8.7444,3.0512,6.4274,5.93,0.56,0.95
1,1137,2023-01-12,2.298,-8.559090909,0.218181818,88.09545455,0.368181818,155.5954545,14.85454545,11.91363636,2.259090909,975.7727273,-9.817272727,4.040363636,8.652136364,9.627272727,0.840909091,1.340909091
1,1138,2023-01-13,2.9915,-8.45,1.55,91,5.75,121,22,5,1.15,973,-9.585,0,0.0175,0,0.3,0.75
1,1139,2023-01-14,2.153388889,-7.505555556,0.161111111,86.27222222,0.233333333,146.9666667,16.34444444,9.166666667,1.933333333,962.8888889,-8.938222222,2.963444444,4.351,11.68333333,0.5,1.133333333
2,1141,2023-01-16,2.147,-3.525,0.375,91.975,0.975,149.625,14.3,11.25,2.5,965.25,-4.59425,0.001,0.024,0,0.775,1.65
1,1142,2023-01-17,2.1282,-5.233333333,0.273333333,89.78666667,0.113333333,169.1066667,14.78666667,9.313333333,1.966666667,966.4666667,-6.4628,1.175066667,1.536266667,2.226666667,0.5,1.146666667
1,1143,2023-01-18,2.338863636,-6.809090909,0.295454545,89.35909091,0.522727273,154.3272727,13.43636364,10.32727273,2.054545455,966.1818182,-7.568136364,8.546181818,29.12059091,30.33181818,0.677272727,1.204545455
1,1144,2023-01-19,2.423875,-9.8125,0.275,88.5625,0.425,158.975,15.2625,8.9125,1.8625,966.5,-10.6875,0.06125,0.241375,2.8875,0.875,1.1625
1,1145,2023-01-20,2.005,-6.6,0.2,86.6,0.3,177.6,22.1,7.4,1.7,970,-9.08,0,0.022,4.7,0,0.8
1,1146,2023-01-21,2.758230769,-3.615384615,0.9,89.83076923,2.007692308,148.3923077,18.3,7.607692308,1.876923077,967.8461538,-4.961384615,16.96123077,46.16807692,64.86153846,0.538461538,0.953846154
2,1148,2023-01-23,2.3302,-10.9,0.78,86.48,2.38,141.34,26.48,5.68,1.72,972,-12.998,0.0002,0.021,0,0.52,1.04
1,1149,2023-01-24,2.18525,-9.908333333,0.433333333,84.75833333,1.533333333,150.8166667,16.21666667,8.408333333,2.091666667,971.6666667,-11.925,4.179166667,7.54875,8.266666667,0.583333333,1.033333333
1,1150,2023-01-25,2.234,-7.557142857,0.457142857,94.77142857,0.285714286,147.7285714,16.95714286,10.35714286,2.485714286,976.2857143,-8.45,1.383,2.248571429,0.557142857,0.557142857,1.228571429
1,1151,2023-01-26,2.712666667,-5.2,0.6,97.26666667,0.866666667,151.6666667,32.53333333,7.333333333,2.266666667,963.6666667,-5.760333333,0.002,0.024333333,0,0.3,1.066666667
3,1154,2023-01-29,2.24,-20.98,0.22,68.14,0.76,158.02,14.94,11.06,2.26,985.6,-27.052,48.21,112.67,151.2,0.78,1.22
1,1155,2023-01-30,2.3595,-17.35,1.275,65.825,4.05,143.75,22.075,4.8,1.375,977.5,-21.79,31.27075,64.038,42.95,0.35,0.55
1,1156,2023-01-31,2.842,-20.65,0.8,75.2,2.3,167.6,52.4,2.55,1.3,976,-25.35,22.9815,58.88,161.45,0.15,0.55
1,1157,2023-02-01,2.399,-31.3,0.7,75.2,0.7,161.3,23.4,3,1.4,991,-38.28,0.004,0.023,0,0,0.1
1,1158,2023-02-02,2.188277778,-24.3,0.488888889,72.64444444,3.127777778,146.25,16.63888889,13.82777778,3.094444444,983.1666667,-28.67388889,16.34255556,43.12994444,45.53333333,0.694444444,1.894444444
1,1159,2023-02-03,2.366375,-15.1375,0.175,82.125,0.65,152.2375,12.9375,13.7,2.75,965.625,-17.94125,0.001375,0.0295,0.6375,0.7,1.5375
2,1161,2023-02-05,3.216333333,-7.7,1.2,85.1,2.533333333,161.1666667,40.46666667,4.533333333,1.533333333,953.6666667,-8.713333333,28.81,45.031,56.86666667,0.266666667,0.566666667
1,1162,2023-02-06,2.122,-7.5,0.4,62.3,2.1,134.6,43.4,3.4,1.8,961,-13.12,24.46,52.66,15,0.4,1.1
1,1163,2023-02-07,2.403,-5.55,0.4,81.6,1,153.85,37.7,3.55,1.5,954.5,-9.8,0.001,0.0295,0,0.4,0.7
1,1164,2023-02-08,2.39825,-10.55833333,1.808333333,75.6,8.141666667,149.3333333,23.775,5.208333333,1.358333333,977,-14.24416667,83.877,82.98241667,69.525,0.325,0.625
1,1165,2023-02-09,2.513055556,-6.894444444,3.316666667,78.95,11.05555556,147.0222222,18.33888889,7.194444444,1.65,975.8333333,-9.391833333,76.85333333,64.73761111,77.93888889,0.522222222,0.927777778
2,1167,2023-02-11,2.230857143,-4.028571429,1.214285714,85.05714286,5.028571429,151.7,17.27142857,6.985714286,1.428571429,964.5714286,-6.350285714,59.94714286,75.17042857,115.7857143,0.542857143,0.928571429
1,1168,2023-02-12,2.5,-2.5,2.05,90.85,5.95,132.45,34.75,9.35,3.6,952,-2.1085,0.0005,0.0165,0,0.8,1.8
1,1169,2023-02-13,2.063,1.433333333,0.966666667,75.03333333,7.133333333,162.0333333,26.03333333,9.966666667,3,946,-1.212333333,0,0.024333333,0,0.7,1.5
2,1171,2023-02-15,2.260666667,-19.31666667,0.916666667,74.93333333,7.158333333,144.9916667,24.925,5.066666667,1.35,981.4166667,-23.03583333,88.06925,126.7923333,114.8583333,0.4,0.816666667
1,1172,2023-02-16,2.331153846,-14.73846154,1.230769231,76.8,4.346153846,159.9846154,29.54615385,5.284615385,1.784615385,968.8461538,-17.34615385,62.34815385,52.88830769,58.14615385,0.461538462,0.961538462
2,1174,2023-02-18,2.028,-28.1,0.7,77.9,0.8,167.7,87.2,0.3,1.4,976,-31.13,0.003,0.019,0,0.2,0.2
1,1175,2023-02-19,2.141,-29.2,0.5,77.3,0.4,174.9,18.7,2.8,0.5,975,-32.76,0.005,0.023,0,0.5,0.4
1,1176,2023-02-20,2.08575,-22.1,0.55,75.9,2.075,154.55,38.975,3.2,1.3,976.25,-27.3775,42.47,23.3595,54.75,0.025,0.475
2,1178,2023-02-22,2.0468,-31.52,0.48,71,0.72,175.48,33.92,3.1,1.36,993,-37.306,144.7618,102.794,161.1,0.14,0.44
1,1179,2023-02-23,2.53,-23.28571429,1.157142857,70.37142857,25.02857143,147.4142857,20.28571429,5.342857143,1.528571429,995.8571429,-28.13,158.5921429,100.1322857,52.5,0.328571429,0.585714286
1,1180,2023-02-24,2.3025625,-23.1,0.79375,62.95,4.475,163.49375,14.8125,10.93125,2.63125,980.75,-28.00125,124.4488125,93.38325,116.15,0.66875,1.48125
1,1181,2023-02-25,2.248692308,-13.3,0.415384615,62.50769231,2.446153846,157.6846154,25.97692308,6.669230769,1.661538462,961.3846154,-19.67615385,109.9335385,62.91330769,54.97692308,0.315384615,0.915384615
1,1182,2023-02-26,2.62,-9.6,1.4,74,7.3,120.2,15.1,6.1,2,959,-15.1,0,0.024,0,0.6,1.3
2,1184,2023-02-28,2.088,-19.6,2.2,84.3,6.1,175,94.9,0.4,0.8,975,-18.45,0.191,0.544,0,0,0.1
1,1185,2023-03-01,2.2573,-13.63,0.955,73.525,4.925,145.72,16.535,10.005,2.36,965.85,-17.4015,51.45165,123.98865,145.78,0.695,1.385
1,1186,2023-03-02,2.294272727,-6.290909091,2.354545455,81.42727273,13.67272727,140.3363636,17.80909091,13.10909091,2.954545455,949.3636364,-9.109,24.45536364,55.42663636,99.3,0.772727273,1.745454545
3,1189,2023-03-05,2.401571429,-17.88571429,0.5,59.92857143,4.157142857,151.1,18.34285714,5.757142857,1.3,990.5714286,-24.43714286,297.745,171.7565714,114.6285714,0.357142857,0.7
1,1190,2023-03-06,2.085111111,-14.47777778,0.4,70.17777778,1.422222222,151.9666667,19.12222222,10.28888889,2.4,993.1111111,-19.08111111,243.7111111,155.5084444,161.8666667,0.5,1.422222222
1,1191,2023-03-07,2.01165,-10.945,0.385,66.865,3.55,137.34,15.65,14.895,3.48,991.3,-16.136,170.8077,89.83535,91.3,0.71,1.99
1,1192,2023-03-08,2.017470588,-10.40588235,0.294117647,48.66470588,2.547058824,144.7823529,15.07647059,11.65294118,2.5,996.7647059,-19.63,178.4912353,115.3215882,111.8823529,0.741176471,1.688235294
1,1193,2023-03-09,2.115285714,-12.15714286,0.438095238,54.18095238,5.080952381,141.9761905,15.43809524,14.55714286,3.466666667,992.047619,-20.4552381,239.0230952,151.065,166.9380952,0.704761905,1.823809524
1,1194,2023-03-10,2.0258125,-9.11875,0.3125,69.80625,3.11875,135.275,17.825,15.89375,3.90625,979.6875,-14.276875,256.4089375,138.65775,175.38125,0.725,2.0125
1,1195,2023-03-11,2.110222222,-7.422222222,0.588888889,64.17777778,3.377777778,147.3222222,24.46666667,6.622222222,1.655555556,983.6666667,-13.40666667,311.1238889,192.9675556,239.1555556,0.455555556,1.3
5,1200,2023-03-16,2.1934,-8.7,0.866666667,75.76,4.686666667,139.66,20.75333333,8.946666667,2.106666667,983.4666667,-11.96933333,174.1656667,146.4616667,131.28,0.606666667,1.12
1,1201,2023-03-17,2.297529412,-3.452941176,1.182352941,68.43529412,7.105882353,153.0647059,18.87647059,9.688235294,2.082352941,980.9411765,-8.077235294,370.1531765,223.0947059,249.4882353,0.676470588,1.035294118
1,1202,2023-03-18,2.606692308,0.369230769,0.630769231,49.42307692,5.307692308,156.6538462,18.8,7.069230769,1.6,976.0769231,-9.268615385,458.7063846,272.9838462,320.8230769,0.507692308,0.707692308
1,1203,2023-03-19,2.132818182,-0.781818182,0.918181818,64.33636364,5.809090909,150.6909091,18.72727273,9.554545455,2.063636364,977.0909091,-7.372272727,534.4,315.3736364,318.9363636,0.827272727,1.609090909
1,1204,2023-03-20,2.0565,-4.55,0.4,69.9,1.15,125.4,23.85,7,2.85,974.5,-8.98,0,0.0155,0.05,0.65,2.05
1,1205,2023-03-21,2.324666667,-7.377777778,0.577777778,65.4,10.41111111,157.9888889,15,7.444444444,1.466666667,974.2222222,-13.52666667,333.5108889,191.3986667,153.4111111,0.388888889,0.933333333
1,1206,2023-03-22,2.5934,-4.025,0.525,62.53,2.025,152.82,16.695,9.69,2.115,966.45,-11.3992,339.99955,203.7445,218.875,0.555,1.085
1,1207,2023-03-23,2.48975,-6,0.5,75.45,0.725,159.6,27.725,5.525,1.525,962.5,-10.035,0.0005,0.02925,0,0.4,0.675
1,1208,2023-03-24,2.165833333,-5.116666667,0.216666667,54.65,6.1,151.2666667,16.36666667,6.666666667,1.45,975.1666667,-15.14,235.6786667,139.8558333,72.21666667,0.4,0.633333333
1,1209,2023-03-25,2.968,-13.3,1.1,80.76666667,0.966666667,165.2666667,77.06666667,1.5,1.466666667,975,-18.87666667,0,0.022333333,0,0.366666667,0.433333333
2,1211,2023-03-27,2.0627,-11.83,0.24,52.1,3.32,156.14,21.4,7.67,1.72,989.5,-22.29,638.09,372.957,436.24,0.31,1.26
1,1212,2023-03-28,2.220214286,-4.8,0.285714286,49.48571429,1.964285714,149.1571429,14.96428571,10.88571429,2.271428571,979.5,-15.89714286,478.9744286,261.0002857,257.4571429,0.692857143,1.307142857
1,1213,2023-03-29,3.015,-2.7,0.3,50.9,1.6,147.4,47.2,3.9,1.5,973,-11.26,0,0.009,0,0.4,0.6
1,1214,2023-03-30,2.35,-8.05,2.725,72.175,3.725,140.475,52.9,2.675,1.525,974.75,-15.7025,313.2175,165.55225,244.825,0.15,0.8
2,1216,2023-04-01,2.055,-2.3,0.7,72,6.8,131.3,25.6,6.5,2.5,963,-7.745,289.1,184,210.8,0.8,1.7
1,1217,2023-04-02,2.075583333,-2.391666667,0.475,81.43333333,2.616666667,131.9833333,20.875,9.608333333,2.666666667,965.1666667,-4.704416667,105.65375,73.74375,67.56666667,0.583333333,1.591666667
2,1219,2023-04-04,2.164666667,-0.283333333,1.05,57.18333333,5.25,141.6833333,16.81666667,8.116666667,1.966666667,978.3333333,-8.245666667,156.6113333,88.7335,32.83333333,0.55,1.316666667
1,1220,2023-04-05,2.219,0.36875,0.5,63.95,2.78125,147.19375,18.625,8.09375,2.0125,974.75,-6.456625,337.5075,183.007375,143.6625,0.55625,1.38125
1,1221,2023-04-06,2.071190476,2.99047619,0.814285714,51.76666667,4.476190476,154.2333333,13.83333333,17.25238095,3.785714286,972.6190476,-7.071666667,428.4240476,245.4013333,259.3238095,0.895238095,2.2
1,1222,2023-04-07,2.190181818,5.409090909,0.172727273,45.34545455,1.918181818,149.4636364,13.38636364,14.82727273,2.995454545,965,-6.313045455,420.9572273,231.5927727,243.55,1.027272727,2.009090909
1,1223,2023-04-08,2.299428571,5.935714286,0.228571429,62.97142857,0.8,151.6142857,13.97142857,10.73571429,2.035714286,960.5714286,-1.341785714,400.0362857,209.2613571,271.7857143,0.714285714,1.328571429
1,1224,2023-04-09,2.336,12,0.166666667,35.68333333,0.45,152.1,12.91666667,11.9,2.383333333,961.5,-3.279166667,135.1871667,80.08516667,32.03333333,0.866666667,1.533333333
1,1225,2023-04-10,2.079,9.6,2.4,39.9,19.2,126.9,17.3,11.8,2.9,958,-3.368,0,0.025,0,0.9,1.9
1,1226,2023-04-11,2.995333333,4.533333333,0.566666667,50.83333333,2.033333333,147.4,18.13333333,7.033333333,1.8,965,-6.318333333,302.6366667,173.3233333,289.1,0.6,1.066666667
3,1229,2023-04-14,1.991,6.566666667,0.366666667,42.5,3.333333333,152.5,66.06666667,4.933333333,2.5,973,-5.706,763.7333333,444.9333333,512.8666667,0.533333333,1.733333333
1,1230,2023-04-15,2.029625,10.6375,0.6,37.8125,5.3375,151.7375,38.2875,6.625,2.5125,977.25,-4.539875,851.0375,509.9875,504.175,0.5875,1.7625
1,1231,2023-04-16,2.0638,10.32,1.32,40.14,18.46,132.06,27.48,12.18,3.58,975,-3.2348,629.76,401.3048,467.14,0.98,2.24
1,1232,2023-04-17,1.989,12.66666667,0.766666667,38.26666667,8.666666667,128.9666667,19.6,24.96666667,7.133333333,962,-3.229666667,841.3,442.3666667,418.6,1.533333333,3.9
3,1235,2023-04-20,2.03575,4.175,0.5,46.75,3.325,151.425,26.975,8.85,2.65,991,-6.8455,648.525,394.625,569.7,0.525,1.725
1,1236,2023-04-21,2.079,5.405263158,0.363157895,38.36315789,1.694736842,149.5210526,23.44736842,7.457894737,2.047368421,989.4736842,-8.995947368,562.4010526,317.7551053,339.9631579,0.510526316,1.394736842
1,1237,2023-04-22,2.097722222,6.133333333,0.127777778,42.38888889,0.5,159.2,18.31111111,11.01111111,2.783333333,981.1111111,-7.003055556,500.0226667,276.5110556,283.15,0.605555556,1.655555556
1,1238,2023-04-23,2.111823529,7.623529412,0.588235294,42.22941176,3.382352941,149.5588235,25.85294118,10.65294118,3.223529412,973.5294118,-5.311764706,278.0210588,138.5565294,120.8705882,0.682352941,1.629411765
1,1239,2023-04-24,1.9765,6.85,0.2,61,0.975,143.925,26.2,9.425,3.775,972,-1.59275,0.198,0.1025,1.425,0.575,1.525
1,1240,2023-04-25,2.156866667,6.146666667,0.34,73.3,1.18,151.1066667,23.46,10.29333333,2.64,970.5333333,2.0346,252.4135333,127.2786,180.14,0.706666667,1.48
2,1242,2023-04-27,1.9748,9.6,0.14,53.18,0.42,169.92,18.62,8.68,1.9,973.6,0.2086,79.1686,85.1796,104.34,0.48,1.12
1,1243,2023-04-28,1.959,9.3,0.1,50.8,0.2,173.2,14.9,13.1,2.9,972,0.936,0,0.028,0,0.8,1.2
1,1244,2023-04-29,2.1375,11.35,1.1,34.08333333,7.833333333,160.25,49.03333333,5.616666667,2.233333333,982.8333333,-7.264166667,880.4913333,475.8928333,504.5833333,0.333333333,1.483333333
1,1245,2023-04-30,1.9969,15.4,0.46,25.255,4.28,139.605,16.26,15.955,3.765,975.15,-6.00815,606.85095,321.82635,344.605,0.915,2.245
1,1246,2023-05-01,2.119714286,15.59285714,0.9,31,7.3,145.6071429,17.43571429,12.26428571,2.842857143,968.9285714,-3.0085,370.5537143,211.8900714,281.1571429,0.714285714,1.678571429
1,1247,2023-05-02,2.606,14,2.1,43.5,8.9,151.5,14.2,5.8,0.9,969,-0.666,0,0.026,0,0.5,0.4
1,1248,2023-05-03,2.218277778,20.68888889,1.277777778,32.17777778,6.455555556,151.3722222,15.97222222,12.11111111,2.922222222,966.6111111,0.954555556,433.5265556,233.3490556,222.7666667,0.822222222,1.833333333
1,1249,2023-05-04,2.1139,20.76,1.23,33.67,13,149.03,28.48,7.46,2.16,967.6,2.5735,495.5152,277.1449,318.44,0.64,1.7
1,1250,2023-05-05,1.990066667,20,0.753333333,31.39333333,9.946666667,133.8466667,17.98666667,15.82,4.126666667,975.4666667,1.512733333,476.9255333,264.1860667,310.7866667,1.046666667,2.54
1,1251,2023-05-06,1.97645,15.455,0.405,38.1,6.89,135.8,18.67,17.635,4.605,979.55,0.25955,528.0772,288.5723,310.495,0.855,2.41
1,1252,2023-05-07,1.965076923,15.52307692,0.346153846,38.72307692,4.730769231,139.2769231,21.31538462,15.63846154,4.676923077,977,0.690307692,552.7625385,312.2327692,367.9461538,0.853846154,2.346153846
1,1253,2023-05-08,1.975466667,17.13333333,0.453333333,39.09333333,4.16,148.9466667,18.75333333,13.78666667,3.713333333,973.3333333,2.501733333,458.1472,253.4742667,306.2666667,0.733333333,1.98
1,1254,2023-05-09,1.943666667,13.98333333,0.5,74.48333333,0.333333333,167.9666667,48.01666667,4.016666667,2.083333333,973.6666667,8.224666667,327.7801667,166.4365,207.1666667,0.316666667,0.933333333
1,1255,2023-05-10,1.983714286,14.24285714,0.657142857,67.8,4.885714286,172.1714286,28.82857143,5.5,1.442857143,974.5714286,7.892285714,384.7094286,226.0217143,356.0285714,0.285714286,1.114285714
1,1256,2023-05-11,2.043,19.26363636,0.436363636,36.99090909,3.163636364,154.5636364,44.92727273,5.627272727,2.281818182,978.2727273,0.536545455,512.8097273,273.7657273,314.0909091,0.309090909,1.281818182
1,1257,2023-05-12,2.056473684,20.78421053,0.589473684,31.66842105,2.742105263,154.3052632,22.4,10.56315789,2.989473684,983.7368421,-0.312789474,589.8775789,319.7741053,341.1,0.668421053,1.810526316
1,1258,2023-05-13,2.117,20.08461538,1.746153846,41.72307692,9.776923077,154.8769231,17.14615385,7.892307692,2.046153846,985.5384615,4.529461538,208.477,123.0667692,145.4538462,0.469230769,1.430769231
1,1259,2023-05-14,1.9855,21.45,0.3,39.95,0.65,174.55,37.45,5.5,1.8,985.5,5.428,468.5,274.158,348.9,0.25,1.5
1,1260,2023-05-15,2.3098,24.76,1.38,38.56,9.28,151.62,45.32,6.88,2.62,978.2,7.1452,917.96,518.52,568.58,0.66,1.76
3,1263,2023-05-18,2.007272727,10.01818182,0.236363636,58.63636364,0.772727273,157.8090909,19.77272727,9.290909091,2.227272727,981.8181818,0.356363636,308.8827273,201.0959091,271.1272727,0.509090909,1.490909091
1,1264,2023-05-19,2.050571429,11.95714286,0.2,55.01428571,0.3,165.7571429,16.92857143,8.657142857,2,973.8571429,2.029428571,151.1145714,105.6848571,136.4285714,0.571428571,1.328571429
1,1265,2023-05-20,2.043,16.825,0.6,49.95,2.65,133.675,18.95,10.625,3.575,978.5,5.13275,36.148,20.807,5.75,0.625,1.875
1,1266,2023-05-21,2.121388889,16.99444444,0.538888889,52.99444444,1.433333333,146.7777778,16.57777778,10.91666667,2.411111111,974.6111111,6.362333333,340.7074444,214.6172778,221.8888889,0.544444444,1.611111111
2,1268,2023-05-23,1.981166667,10.23333333,0.383333333,70.46666667,2.833333333,136.7166667,16.45,17.55,4.55,977.8333333,4.797,125.9558333,60.51966667,28.46666667,0.95,2.75
1,1269,2023-05-24,1.989545455,10.36363636,0.354545455,76.2,1.809090909,147.0545455,17.62727273,14.93636364,3.854545455,974.3636364,5.904363636,151.5082727,71.27963636,96.04545455,0.8,2.2
1,1270,2023-05-25,2.0962,16.2,0.24,56.02,0.32,133.2,19.32,7.2,1.76,976.4,6.5056,241.5302,132.998,79.52,0.58,1.3
1,1271,2023-05-26,2.14725,16.75625,0.63125,56.8,1.925,151.66875,21.2125,7.575,1.98125,974,5.9474375,334.8499375,187.31225,206.1625,0.4875,1.30625
1,1272,2023-05-27,2.056133333,20.28,0.446666667,43.78666667,0.92,151.2733333,19.04,11.34,2.933333333,969.1333333,5.227933333,514.2684,271.0018667,313.7133333,0.746666667,1.893333333
1,1273,2023-05-28,2.2905,17.0875,0.9875,58.9,3.0125,149.5125,15.2375,9.425,2.1625,964,7.8535,160.904125,97.5045,144.875,0.6875,1.575
1,1274,2023-05-29,2.033,11,0.3,72.7,0,175.1,15.4,5.7,1.4,963,1.59,5.032,2.645,28,0.1,0.4
1,1275,2023-05-30,2.268,13.525,1.1,61.9,2.775,161.325,37.175,4.65,1.825,968,3.135,324.1025,222.59,345.325,0.25,1.1
1,1276,2023-05-31,2.1059,20.16,0.47,45.87,5.55,158.25,36.59,6.43,2.14,969.3,5.2516,540.599,290.9505,332.23,0.36,1.2
1,1277,2023-06-01,1.989,19.6,0.6,57.9,8,142.2,58.5,4.5,1.9,973,13.33,616.1,441.7,592.8,0.4,1.3
2,1279,2023-06-03,1.971,24.6,0.1,34.4,0.9,120.2,52,7.6,3,980,8.3,1309,677,622.1,0.8,1.7
1,1280,2023-06-04,2.006,22.75,0,76.65,0,135.35,21.65,9.65,3.8,973,18.93,774.45,367.45,85.95,0.65,1.75
2,1282,2023-06-06,1.9915,15.35,0.2,60.1,0.3,168.15,14.6,5,1.2,970,6.161,30.1575,20.716,1.65,0.15,0.7
1,1283,2023-06-07,2.0114,12.94,0.16,64.72,0.06,160.5,18.4,8.52,2.64,969.2,6.2,2.0642,0.957,6.92,0.78,1.6
1,1284,2023-06-08,1.994,20.8,0,41.1,0.2,120.2,60.6,6.2,2.8,979,6.877,1475,759.6,816.8,0.3,1.9
1,1285,2023-06-09,2.0755,22.08571429,0.264285714,45.83571429,0.535714286,159.6785714,30.31428571,7.85,2.442857143,978.2142857,7.497071429,832.7192857,440.8649286,490.1,0.514285714,1.564285714
1,1286,2023-06-10,2.1215,23.54090909,0.740909091,46.56818182,2.009090909,157.15,15.11818182,15.34545455,3.495454545,971.4090909,10.173,515.4623636,284.4159545,311.0272727,0.927272727,2.263636364
1,1287,2023-06-11,2.2385,20.425,0.85,55.075,1.775,140.65,41.85,7.675,2.625,967.75,10.1625,0.0065,0.027,0.025,0.575,1.425
2,1289,2023-06-13,2.1101,18.51,1.05,54.35,4.46,146.72,20.39,9.44,2.43,968.2,8.3165,298.6124,171.4131,225.05,0.51,1.84
2,1291,2023-06-15,2.044,12.7,0.6,89.5,0.1,160.1,47.8,3.2,1.2,968,11.7,49.9,18.95,4.1,0.1,0.6
1,1292,2023-06-16,2.062090909,14.67272727,0.336363636,75.51818182,0.445454545,158.4363636,17.59090909,10.7,2.436363636,966.6363636,9.768363636,418.0054545,235.1410909,257.9909091,0.518181818,1.581818182
5,1297,2023-06-21,2.018,9.5,0.3,86.9,0.1,126.6,14.7,2.5,1.2,973,6.486,9.04,4.641,0,0.1,0.4
1,1298,2023-06-22,2.121,15.31111111,0.555555556,67.42222222,2.366666667,147.0777778,32.71111111,6.788888889,2.188888889,973.3333333,6.839,576.7908889,319.9051111,355.8444444,0.366666667,1.211111111
1,1299,2023-06-23,2.134411765,21.11176471,0.258823529,52.7,1.311764706,148.9823529,31.41176471,6.235294118,2.017647059,971.2352941,9.458235294,704.4,365.9854118,385.5294118,0.523529412,1.347058824
1,1300,2023-06-24,2.243,19.03333333,0.316666667,64.38333333,1.1,154.65,21.4,7.583333333,2.083333333,970.3333333,11.095,349.6811667,220.0231667,339.6666667,0.466666667,1.316666667
1,1301,2023-06-25,2.086,13.6,0.4,80.2,0.3,141.3,54.7,2.2,1.6,975,7.716,7.545,2.962,0,0.1,0.6
1,1302,2023-06-26,2.178083333,16.33333333,0.366666667,77.26666667,0.625,154.4,21.45,9.016666667,2.316666667,972,10.97083333,215.4665,105.5140833,126.4916667,0.516666667,1.341666667
2,1304,2023-06-28,2.071538462,20.97692308,0.415384615,65.7,0.576923077,158.3,27.23076923,6.530769231,2.015384615,969.3846154,12.94538462,346.4149231,175.3770769,166.0538462,0.561538462,1.392307692
1,1305,2023-06-29,1.9648,20.57,0.43,76.81,0.01,169.43,20.06,7.99,1.98,968.5,15.464,272.9995,153.6247,211.81,0.39,1.17
2,1307,2023-07-01,2.025,20.18,0.4,52.36,0.86,152.62,32.44,8.86,2.88,970.8,9.1154,698.82,371.04,400.74,0.5,1.54
3,1310,2023-07-04,2.029142857,19.61428571,0.342857143,43.98571429,1.7,163.2285714,38.62857143,6.857142857,1.928571429,978,3.987714286,592.5628571,292.1828571,232.0285714,0.357142857,1.185714286
1,1311,2023-07-05,1.94,12.7,0.1,70.4,0,166.1,24.4,5.3,2.1,976,7.002,0,0.031,0,0.3,1
2,1313,2023-07-07,2.203333333,13.76666667,0.7,75.26666667,2.366666667,174.2333333,56.8,2.7,1.7,977.6666667,4.784666667,453.05,229.4113333,262.5,0,0.833333333
3,1316,2023-07-10,1.938875,18.0375,0.575,43.7625,3.35,136.55,22.1375,11.275,3.375,975.375,3.512625,538.719125,286.305,301.8375,0.725,2.2
1,1317,2023-07-11,2.0799,18.27,0.56,48.39,2.03,154.35,15.01,9,2.2,973.1,5.6407,167.4388,87.8098,112.54,0.43,1.31
5,1322,2023-07-16,2.029944444,21.23888889,0.505555556,54.46111111,1.711111111,140.9444444,23.69444444,11.54444444,3.205555556,976.1666667,11.00944444,655.302,337.0522778,370.4166667,0.633333333,1.95
1,1323,2023-07-17,2.089166667,17.45833333,0.816666667,69.48333333,4.508333333,132.875,19.425,12.01666667,3.466666667,972.5833333,11.325,165.1083333,88.78216667,80.18333333,0.691666667,2.2
1,1324,2023-07-18,1.974,25.7,0,37.7,0.6,148.4,53.1,5.5,1.9,970,9.55,1326,691.4,687,0.3,1.6
1,1325,2023-07-19,2.250666667,16.7,0.533333333,88.66666667,0.466666667,170.9666667,48.93333333,2.5,1.633333333,978,12.88333333,176.6253333,100.129,140.8333333,-0.033333333,0.633333333
1,1326,2023-07-20,2.27,13.45,0.35,99.85,0,175.85,29.95,3.4,1.15,980,11.545,16.5945,8.263,43.15,0.15,0.7
1,1327,2023-07-21,2.072,27.1,0.3,45.4,4.4,174.3,63.8,4.4,2,976,13.67,1160,606.5,515.1,-0.2,1.5
2,1329,2023-07-23,2.166833333,21.99166667,0.583333333,65.5,1.033333333,153.05,28.46666667,8.058333333,2.55,972.5833333,13.55916667,475.6108333,252.6058333,257.8583333,0.508333333,1.441666667
1,1330,2023-07-24,2.278285714,20.18571429,1.428571429,72.58571429,3.885714286,150.8428571,41.05714286,3.814285714,1.442857143,972.2857143,14.70285714,345.1285714,204.4251429,292.2,0.185714286,0.914285714
1,1331,2023-07-25,2.016,18.9,1.3,76.4,0.7,127.6,57.2,5.4,3.3,964,16.01,144,68.89,37.4,0.6,2.8
1,1332,2023-07-26,2.0231,13.63,0.44,75.87,0.4,155.64,26.22,8.57,2.46,967.2,10.207,343.286,177.2507,278.13,0.55,1.52
1,1333,2023-07-27,2.045,16.4,0.3,81.5,0.9,161.1,22.8,6.3,1.9,982,11.77,107.4,55.08,16.1,0.2,1
1,1334,2023-07-28,1.9635,23.7,0.05,40.35,10.1,179.25,32,8.4,2.5,983.5,8.58,812.95,392.75,471.45,0.35,1.45
1,1335,2023-07-29,2.04175,16.7,0.2,68.65,0.125,174.7,15.65,8,1.725,981,9.8875,225.175,146.0775,247.9,0.325,1.25
1,1336,2023-07-30,2.0946,21.1,0.28,58.53,0.51,151.69,21.56,10.66,3.02,975.8,11.411,658.873,355.6716,456.2,0.65,1.87
1,1337,2023-07-31,2.083875,17.425,0.925,90.6375,0.525,166.3375,34.275,7.625,2.6,971.375,16.2875,76.294375,35.43275,102.725,0.425,1.5125
3,1340,2023-08-03,2.112333333,16.64166667,0.55,88.575,0.808333333,155.5416667,31.175,7.175,2.491666667,975.5833333,14.41083333,326.9935,157.1163333,183.3666667,0.3,1.291666667
1,1341,2023-08-04,1.98,18.6,0,80.6,0.5,146,99.5,0.3,2.2,978,14.27,175.1,79.39,387.6,0,1.3
1,1342,2023-08-05,2.113,24,0.2,52.9,2.7,138.8,62.2,4.6,2.3,982,13.73,1226,639.1,569,-0.1,1.5
3,1345,2023-08-08,2.154,14.84,1.34,71.46,3.52,142.88,34.64,6.1,2.26,976.2,8.2142,186.2412,201.884,311.54,0.42,1.48
1,1346,2023-08-09,2.080333333,14.58,1.22,78.13333333,3.493333333,134.0666667,18.40666667,13.60666667,3.993333333,970.1333333,10.628,164.9476667,76.32173333,90.64666667,0.64,2.166666667
1,1347,2023-08-10,2.093,13.4,1.1,95.1,5.1,128.2,20.4,14.1,4.2,966,12.79,0,0.027,0,0.6,2
1,1348,2023-08-11,2.36875,14.9,0.3,80.825,0.175,150.825,12.525,5.275,1.05,969,11.2475,85.62725,40.216,8.05,0.425,0.725
1,1349,2023-08-12,2.132666667,16.4,0.4,77.1,3.5,157.9333333,53.8,3.633333333,2.1,969.6666667,12.26666667,457.3333333,219.484,175.2333333,0.166666667,1.166666667
1,1350,2023-08-13,2.447142857,14.55714286,0.9,87.17142857,0.971428571,151.7571429,15.34285714,8.028571429,1.771428571,975.5714286,12.31,56.69028571,57.292,131.1714286,0.571428571,1.357142857
2,1352,2023-08-15,2.2905,16.45,0.566666667,68.41666667,1.25,147.45,31.3,7.233333333,2.283333333,970,10.22916667,334.6601667,168.4595,170.7833333,0.516666667,1.35
2,1354,2023-08-17,2.267,16.05714286,0.271428571,68.05714286,0.771428571,158.8428571,19.7,8.657142857,2.128571429,964.8571429,10.29714286,19.35142857,8.754571429,21.35714286,0.628571429,1.414285714
2,1356,2023-08-19,2.079,15,0.1,74.7,0.3,178.1,53.1,4.6,2.2,976,9.94,34.94,16.91,0.8,0,0.9
1,1357,2023-08-20,2.151,12.2,0.2,79.85,0.15,172,15.65,8.05,1.4,978,8.575,99.38,68.445,180.6,0.4,1.35
1,1358,2023-08-21,2.0696875,19.56875,0.1,53.99375,0.34375,163,27.0125,7.00625,2.1375,978.9375,8.6976875,528.47675,276.5900625,284.33125,0.40625,1.3
1,1359,2023-08-22,2.138333333,16.64444444,0.233333333,68.63333333,0.288888889,163.1666667,28.25555556,7.011111111,2.155555556,977.1111111,9.293,429.0127778,246.7082222,328.8444444,0.355555556,1.2
3,1362,2023-08-25,2.186307692,14.54615385,0.376923077,77.2,0.092307692,170.9076923,20.64615385,8.9,2.061538462,980.0769231,8.684846154,210.851,126.3133077,156.6615385,0.384615385,1.284615385
1,1363,2023-08-26,2.548,14.6,1.18,86.16,2.36,145.06,16.54,6.38,1.62,974,12.488,30.4566,20.1582,69.22,0.58,1.28
1,1364,2023-08-27,2.412166667,18.58333333,0.533333333,71.96666667,0.483333333,170.0666667,33.91666667,5.033333333,1.7,975,12.22333333,107.4765,65.51083333,95.96666667,0.216666667,0.866666667
1,1365,2023-08-28,2.43845,20.195,0.79,80.36,0.945,156.485,19.78,5.71,1.41,973.95,16.017,153.10655,107.7254,114.16,0.355,0.96
1,1366,2023-08-29,2.260117647,21.65882353,0.605882353,72.24705882,0.929411765,164.0411765,13.72941176,7.635294118,1.458823529,972.1764706,15.79176471,327.0687647,187.7021765,203.2,0.458823529,1.258823529
1,1367,2023-08-30,2.366125,22.5375,1.05,62.275,1.1375,164.875,22.025,7.2125,2.0375,964,14.2825,107.13875,62.663,59.15,0.4375,1.4
1,1368,2023-08-31,2.5,21.48,1.4,67.88,8.3,155.18,42.54,4.7,2.04,961.2,14.956,387.26,221.5496,302.42,0.26,1.08
3,1371,2023-09-03,2.373,12.65,0.9,77.38333333,0.9,165.1333333,23.93333333,7.733333333,2.45,963.8333333,8.275833333,68.72666667,42.04966667,76.56666667,0.5,1.283333333
1,1372,2023-09-04,2.062,8.5,0.2,68.9,0.1,161.3,69.5,1.6,1.4,973,1.024,95.6,55.43,3,0,0.8
1,1373,2023-09-05,2.103944444,11.78333333,0.227777778,57.22222222,0.288888889,162.3222222,19.9,8.994444444,2.344444444,975.2222222,1.888611111,344.7893333,196.4267222,222.9111111,0.577777778,1.572222222
1,1374,2023-09-06,2.097,9.9,0.7,97,0.15,151.65,21.65,8.2,2.2,970,9.065,92.12,40.55,48.6,0.3,1.4
1,1375,2023-09-07,2.121583333,14.41666667,0.416666667,68.575,0.775,154.8916667,38.65833333,5.2,1.783333333,971.3333333,8.797,441.49875,247.25675,258.3166667,0.225,1.025
1,1376,2023-09-08,2.216333333,15.46666667,0.433333333,62.83333333,0.166666667,154.4333333,17.63333333,10,2.1,977,8.024333333,728.4,409.2333333,546.5333333,0.466666667,1.566666667
1,1377,2023-09-09,2.2,16.57,0.79,58.38,1.43,146.92,28.5,7.3,1.92,985.1,7.5687,608.5,341.9327,380.31,0.37,1.35
1,1378,2023-09-10,2.183052632,18.58947368,0.815789474,54.49473684,3.431578947,144.9157895,18.06315789,12.13684211,2.910526316,981.9473684,8.411210526,398.3412105,218.4385789,227.8210526,0.605263158,1.8
1,1379,2023-09-11,2.139772727,20.11818182,0.454545455,50.78181818,1.354545455,152.3318182,14.59090909,16.88636364,3.840909091,973.9090909,8.744727273,352.6303636,195.5481818,212.3363636,0.836363636,2.431818182
1,1380,2023-09-12,2.326230769,17.04615385,0.669230769,63.21538462,2.223076923,153.1461538,16.32307692,9.330769231,1.861538462,968.6923077,9.612307692,225.5086923,115.4703846,160.9,0.546153846,1.246153846
1,1381,2023-09-13,2.244,10.5,0.4,91.3,0,173,15.8,6.9,1.4,966,8.36,0.001,0.023,0.9,0.4,0.8
1,1382,2023-09-14,2.681,10.1,0.7,78.5,0.2,139.4,77.8,1.3,1.3,976,5.087,0,0.019,0,0,0.4
1,1383,2023-09-15,2.217894737,17.18421053,0.357894737,49.57368421,0.726315789,155.6684211,16.89473684,12.23157895,2.805263158,972.9473684,4.539894737,380.0526842,215.0899474,231.6736842,0.742105263,1.947368421
1,1384,2023-09-16,2.273857143,15.6,0.871428571,55.74285714,5.071428571,160.3857143,16.31428571,8.357142857,2.042857143,968.2857143,5.146285714,64.14314286,41.67114286,13.2,0.4,1.485714286
1,1385,2023-09-17,2.443777778,14.3,1.666666667,65.45555556,5.266666667,158.7333333,25.53333333,7.266666667,2.188888889,964.5555556,6.503888889,273.262,165.333,212.2444444,0.411111111,1.466666667
1,1386,2023-09-18,2.423285714,10.55714286,0.428571429,77.71428571,0.185714286,169.3857143,18.61428571,8.014285714,1.828571429,960.7142857,6.534857143,34.44757143,20.25414286,32.22857143,0.485714286,1.171428571
1,1387,2023-09-19,2.07125,8.95,0.3125,72.3625,0.3125,168.7125,19.8375,7.1625,1.65,964.25,4.197,62.305,47.976125,61.675,0.3625,1.075
1,1388,2023-09-20,2.147,12,0.5,71.7,1.3,156.1,54.1,3.8,2.2,978,5.974,0.001,0.018,0,0,0.4
1,1389,2023-09-21,2.258846154,11.37692308,0.5,66.31538462,0.953846154,160.3692308,15.4,10.95384615,2.430769231,977.5384615,4.235923077,97.51323077,56.04884615,92.70769231,0.6,1.6
1,1390,2023-09-22,2.212470588,16.59411765,0.205882353,48.44117647,0.929411765,156.0117647,13.57058824,12.56470588,2.652941176,973.4705882,4.528882353,140.4997059,82.03123529,84.20588235,0.747058824,1.852941176
1,1391,2023-09-23,2.125,18.82727273,0.263636364,52.23181818,1.063636364,144.4590909,13.65909091,17.48636364,3.804545455,969.7727273,8.220636364,248.2873182,148.5433182,153.4727273,0.872727273,2.222727273
1,1392,2023-09-24,2.1105,17.15714286,0.242857143,71.37142857,0.321428571,159.2357143,17.47857143,12.98571429,2.928571429,967.4285714,12.05928571,81.89364286,39.75007143,49.75714286,0.685714286,1.864285714
2,1394,2023-09-26,2.177,16.525,1,58.1,6.1,149.75,37.4,6.375,2.775,964.75,7.81825,257.3625,134.035,219.05,0.35,1.55
1,1395,2023-09-27,2.135,12.3,0.2,77.5,0.4,164.5,35.9,3.2,1.5,964,7.016,0,0.024,0,0,0.4
3,1398,2023-09-30,2.104454545,7.527272727,0.436363636,79.77272727,0.381818182,157.6272727,17.27272727,5.845454545,1.390909091,982.3636364,4.347,84.096,41.94627273,55.81818182,0.363636364,0.627272727
1,1399,2023-10-01,2.113666667,10.24285714,0.357142857,60.05238095,1,158.8809524,15.17619048,14.8047619,3.261904762,977.7142857,2.822380952,228.576381,131.0245238,138.8619048,0.833333333,1.771428571
1,1400,2023-10-02,2.250941176,8.929411765,0.970588235,86.88823529,2.335294118,149.0941176,20.91176471,9.247058824,2.194117647,966.5294118,6.891470588,69.01294118,33.23229412,51.79411765,0.576470588,1.217647059
1,1401,2023-10-03,2.1804,7.78,0.32,86.26,0.21,156.71,37.99,4.33,1.66,966.3,4.6065,15.805,7.6022,35.2,0.28,0.67
1,1402,2023-10-04,2.316,8.85,1.475,81.225,1.9,153.45,18.225,6.45,1.825,963.25,6.2505,0.001,0.021,0,0.675,1.05
1,1403,2023-10-05,2.005,-1,0.1,85.1,0,175.5,17.5,5,1.1,989,-1.978,0,0,0,0.1,0.3
1,1404,2023-10-06,2.083823529,5.282352941,0.294117647,63.37647059,0.829411765,158.6882353,17.91764706,10.67647059,2.641176471,978.7647059,-1.225176471,180.8341765,93.52523529,98.54705882,0.647058824,1.376470588
1,1405,2023-10-07,2.1345,10.4125,1.95,73.3375,7.6,139.9125,24.125,6.2625,1.8625,972.75,5.12925,44.574875,22.9305,21.8,0.6,1.1875
1,1406,2023-10-08,2.064238095,15.53333333,0.766666667,54.31904762,5.076190476,145.2238095,14.75238095,14.6047619,3.271428571,967.9047619,5.979238095,183.9335238,115.8520476,119.4333333,0.871428571,2.138095238
1,1407,2023-10-09,2.055764706,13.81176471,1.6,60.9,9.141176471,136.8529412,17,11.77058824,2.852941176,963.2941176,5.694705882,270.7227059,165.2261765,164.3470588,0.8,1.988235294
1,1408,2023-10-10,2.019363636,15.58181818,0.827272727,56.74545455,9.954545455,133.0818182,17.55454545,13.62727273,3.654545455,957.6363636,6.740545455,260.3181818,166.9107273,158.2636364,0.854545455,2.3
1,1409,2023-10-11,2.000157895,12.84736842,1.368421053,56.10526316,16.02631579,133.2842105,17.91052632,15.74736842,4.026315789,963.2631579,4.218894737,202.5836842,126.1391053,139.1368421,0.815789474,2.289473684
1,1410,2023-10-12,2.163578947,11.52631579,0.768421053,56.43684211,4.936842105,149.6052632,17.17894737,9.873684211,2.331578947,977.8947368,2.318157895,202.1447368,128.4284211,133.0578947,0.626315789,1.521052632
1,1411,2023-10-13,2.014454545,7.381818182,0.813636364,78.35,5.595454545,141.7409091,16.13636364,13.66363636,3.277272727,982.3636364,3.199181818,109.6432273,55.39522727,48.53181818,0.768181818,1.8
1,1412,2023-10-14,2.001363636,9.440909091,0.163636364,60.04090909,0.95,143.1136364,13.70909091,19.09545455,4.163636364,978.9545455,1.39,172.5704545,110.0009545,107.5409091,1.109090909,2.577272727
1,1413,2023-10-15,2.080590909,8.113636364,0.509090909,65.35,3.631818182,149.6590909,15.09090909,12.05,2.636363636,976.7727273,1.332045455,137.7260455,79.90027273,84.81363636,0.645454545,1.377272727
1,1414,2023-10-16,2.324,10.95,0.825,65.525,1.55,149.3375,22.6875,5.15,1.325,971,3.925,104.32325,78.055625,53.2125,0.275,0.6375
2,1416,2023-10-18,2.2261875,8.2125,0.83125,87.36875,1.78125,155.1625,17.25,10.9375,2.6375,964,5.5353125,118.006875,58.2591875,76.1875,0.65,1.38125
3,1419,2023-10-21,2.12825,2.2125,0.875,77.1625,3.175,155.9125,31.4,10.1,2.6375,975,-2.215375,32.438375,15.911375,27.25,0.475,1.15
7,1426,2023-10-28,1.957,-5.1,0,68.2,0.2,178.9,14.7,8.2,2.3,981,-9.59,0,0.002,0,0.2,0.5
2,1428,2023-10-30,1.971846154,-3.053846154,0.161538462,66.32307692,0.146153846,169.1384615,17.2,10.32307692,2.076923077,983.2307692,-9.559846154,126.2446154,92.49330769,89.56923077,0.592307692,1.261538462
1,1429,2023-10-31,2.0982,-1.84,0.34,87.98,0.12,146.98,37.92,4.84,1.7,978.2,-4.4928,28.6,15.8788,6.18,0.3,0.74
1,1430,2023-11-01,2.1914,-2.726666667,0.633333333,80.12,1.266666667,157.5466667,27.36666667,6.28,1.593333333,975.2,-6.003733333,76.7944,81.21326667,110.0733333,0.366666667,0.86
1,1431,2023-11-02,2.0265,-3.05,0.15,79.35,0.05,152.35,19.05,4.75,1.4,972.5,-6.706,0,0.004,0,0.15,0.7
1,1432,2023-11-03,2.1108,-5.52,0.48,80.5,1.24,155.16,18.42,7.54,1.98,974.6,-9.268,0,0.0026,0.16,0.32,1.02
3,1435,2023-11-06,2.218833333,-0.895833333,0.2125,87.475,0.391666667,148.9208333,14.70833333,10.11666667,2.283333333,963.5833333,-3.27075,49.28908333,25.40733333,21.33333333,0.558333333,1.345833333
1,1436,2023-11-07,2.1052,1.54,0.22,93.12,0.1,161.1,22.62,5.6,1.34,961,0.0212,5.17,2.8146,4.7,0.26,0.86
2,1438,2023-11-09,2.170909091,-4.1,0.245454545,92.64545455,0.518181818,152.7090909,14.5,11.8,2.945454545,976.1818182,-5.808727273,27.22045455,24.51054545,9.018181818,1.709090909,1.872727273
1,1439,2023-11-10,2.282611111,-1.377777778,1.255555556,83.95,3.588888889,146.9777778,13.32777778,12.41111111,2.522222222,965.8888889,-3.7505,37.86383333,94.07266667,73.35555556,0.911111111,1.527777778
1,1440,2023-11-11,2.18075,-1.685,1.07,87.25,4.195,150.55,15.98,12.225,2.855,955.45,-3.7312,25.2388,23.83715,18.645,0.735,1.765
3,1443,2023-11-14,2.0722,-3.68,0.3,81.68,0.44,159,19.9,7.02,1.5,959.6,-8.124,122.1,102.0202,174.92,0.4,0.88
2,1445,2023-11-16,2.486083333,-5.75,0.491666667,79.5,1.358333333,145.5,16.25,8.758333333,1.966666667,961.6666667,-9.442333333,33.15091667,67.5535,83.975,0.608333333,1.133333333
2,1447,2023-11-18,2.5944375,-1.54375,1.55625,93.4375,2.3,156.1625,29.31875,4.8125,1.59375,962.625,-2.77275,52.459375,28.467125,36.725,0.49375,0.875
1,1448,2023-11-19,2.720142857,0.242857143,2.842857143,92.67142857,6.514285714,150.8285714,27.55714286,4.328571429,1.671428571,958.2857143,-0.371857143,40.06914286,23.04857143,23.25714286,0.228571429,0.657142857
2,1450,2023-11-21,2.07,-9.9,1.5,62.8,5,129.9,21.4,4.4,1.2,984,-15.67,0,0.002,0,0.5,1
2,1452,2023-11-23,2.162285714,-7.571428571,0.371428571,90.18571429,0.7,161.6428571,13.15714286,7.457142857,1.7,983,-9.855428571,3.327714286,2.899857143,0.071428571,0.6,0.814285714
2,1454,2023-11-25,1.985,-14.9,0.1,87.5,0.2,167.2,38.9,2.2,1,982,-19.12,0,0.001,0,-0.1,0.2
1,1455,2023-11-26,2.159230769,-10.14615385,0.853846154,86.31538462,2.1,152.1076923,28.06153846,6.207692308,1.738461538,978,-13.87384615,39.33692308,19.70961538,16.79230769,0.292307692,0.838461538
1,1456,2023-11-27,2.195181818,-3.490909091,0.463636364,88.61818182,1.336363636,158.1272727,15.10909091,8.881818182,2.2,966.9090909,-5.283636364,46.36863636,24.86654545,23.98181818,0.618181818,1.163636364
4,1460,2023-12-01,2.213071429,-10.64285714,0.278571429,85.66428571,0.242857143,161.6214286,15.89285714,6.65,1.607142857,959.4285714,-13.57928571,31.61428571,36.42707143,51.89285714,0.571428571,0.921428571
1,1461,2023-12-02,2.294545455,-8.709090909,0.390909091,84.04545455,0.609090909,163.1,21.09090909,7.545454545,1.881818182,954.0909091,-12.1,23.76454545,35.06763636,44.07272727,0.472727273,0.763636364
1,1462,2023-12-03,2.582,-14.6,0.9,87.7,0.5,149.1,54.1,1.9,0.8,958,-17.11,0,0.002,0,0.1,0.3
1,1463,2023-12-04,2.498777778,-7.644444444,1.777777778,92.48888889,1.7,152.3888889,17.68888889,5.8,1.411111111,963.4444444,-9.423,0.128555556,0.187111111,6.944444444,0.444444444,0.733333333
1,1464,2023-12-05,2.47675,-2.525,1.583333333,88.425,3.316666667,152.3416667,19,8.008333333,2.15,960.5,-4.13,32.19841667,29.7955,31.7,0.35,1.158333333
1,1465,2023-12-06,1.982,-0.3,0.4,71.9,0.7,168.4,30.4,5.7,1.6,960,-4.452,0,0.003,0,0.2,0.6
1,1466,2023-12-07,2.07775,-2.275,0.425,74.35,1.25,153.45,28.75,6,1.625,961.5,-6.60225,84.275,112.75025,97.5,0.35,0.775
2,1468,2023-12-09,2.2156,-8.44,0.28,80.43333333,0.28,156.0466667,13.16666667,8.993333333,1.84,975.0666667,-12.41066667,33.8078,47.96606667,68.72666667,0.66,0.986666667
1,1469,2023-12-10,2.144125,-7.7,0.3,81.05,0.725,161.425,15.4375,10.2625,2.4125,963.375,-10.64375,11.642875,7.080375,32.3625,0.5875,1.0875
1,1470,2023-12-11,2.119333333,-11.97777778,0.211111111,70.94444444,0.311111111,157.3333333,13.44444444,7.311111111,1.633333333,979,-17.46555556,21.84311111,16.82177778,6.844444444,0.688888889,0.922222222
1,1471,2023-12-12,2.2648,-9.9,0.6,74.695,1.44,157.155,16.26,9.54,2.405,971,-14.2775,25.53805,26.7779,30.325,0.715,1.025
1,1472,2023-12-13,2.2576,3.35,2.94,47.5,10.1,158.69,28.54,7.65,2.37,960.4,-6.0251,23.269,12.4465,16.62,0.48,1.17
1,1473,2023-12-14,2.44,-2.066666667,0.733333333,63.63333333,2.766666667,164.6333333,23.4,6.333333333,2.266666667,978.6666667,-8.908,28.5,49.77266667,43.63333333,0.466666667,0.7
1,1474,2023-12-15,2.293666667,-2.683333333,1.6,73.18333333,3.525,154.6583333,18.21666667,9.841666667,2.483333333,977.1666667,-7.21725,17.13916667,11.02066667,10.7,0.675,1.341666667
2,1476,2023-12-17,2.300153846,-12.14615385,1.453846154,82.06153846,3.553846154,150.7307692,23.40769231,6.353846154,1.653846154,976.5384615,-17.25846154,38.35546154,44.58915385,56.44615385,0.469230769,0.784615385
2,1478,2023-12-19,2.0566,-9.74,0.58,78.66,6.66,137.46,16.38,17.28,4.62,974.4,-13.852,0,0.0046,0,0.68,2.38
1,1479,2023-12-20,2.07825,-8.95,0.475,82.675,3.825,138.7,15.45,21.1,5.025,970.5,-11.915,0,0.01075,0,0.9,2.7
1,1480,2023-12-21,2.254833333,0.533333333,1.35,67.78333333,5.266666667,149.65,15.05,9.25,2.066666667,963.8333333,-4.659833333,3.968,3.435333333,0.016666667,0.633333333,1.25
1,1481,2023-12-22,2.714625,-2.9875,0.8375,86.4875,2.05,153.5875,13.9625,6.2,1.4625,961.75,-4.776125,2.00125,1.009875,3.875,0.5875,0.9125
2,1483,2023-12-24,2.513846154,-7.646153846,2.8,74.13076923,8.776923077,148.9538462,14.3,7.507692308,1.584615385,972,-11.82307692,29.67223077,34.81223077,40.33846154,0.584615385,0.969230769
1,1484,2023-12-25,2.441333333,-5.976190476,1.542857143,65.84285714,4.533333333,152.7428571,17.11904762,8.057142857,1.776190476,971.1428571,-11.2852381,24.77085714,28.98338095,26.31904762,0.676190476,1.071428571
1,1485,2023-12-26,2.3308,-4.793333333,1.366666667,67.59333333,4.32,164.1733333,16.8,8.993333333,2.06,966,-10.12166667,32.5218,37.44793333,30.1,0.62,1.14
1,1486,2023-12-27,2.375888889,-0.688888889,1.244444444,58.85555556,4.388888889,149.9777778,22.08888889,7,1.777777778,972.3333333,-8.471,49.302,55.00222222,46.61111111,0.466666667,1.044444444
2,1488,2023-12-29,2.2553125,-8.10625,0.65625,83.03125,1.125,162.30625,18.8875,7.1625,1.7375,978.3125,-10.39875,30.439,39.3088125,55.29375,0.53125,0.99375
1,1489,2023-12-30,2.3415,-10.65,3.15,90.8,5,146.05,31,4.8,1,977,-11.15,0,0.0105,0,0.35,0.6
